,company,address,country
0,3M Company," 905 Adams Street, Hutchinson, Minnesota, USA",USA
1,3M Company," 577 Keumeui-ri, Jangan-myon, Hwaseong, Gyeonggi-Do, Korea",Korea
2,3M Company," 1425 Stokke Parkway, Menomonie, Wisconsin, USA",USA
3,3M Company," 235 Zhongyuan Road, Suzhou, Jiangsu, China",China
4,3M Company," No. 312, Section 1, Huandong Road, Sinshih Township, Tainan, Taiwan",Taiwan
5,3M Company," 5500 Oaza Osanagi, Higashine, Yamagata, Japan",Japan
6,3M Company," 3406 E. Pleasant Street, Knoxville, Iowa, USA",USA
7,3M Company," 1030 Lake Road, Medina, Ohio, USA",USA
8,AAC Technologies Holdings Inc.," Building 5, 6th floor, Nanyou Tianan Industry Park, Dengliang Road, NanShan District, Shenzhen, Guangdong, China",China
9,AAC Technologies Holdings Inc.," No. 8 Fengqi Road, High Tech. Industry Development Area, Wujin District, Changzhou, Jiangsu, China",China
10,AAC Technologies Holdings Inc.," No. 66 Yanghuxi Road, Wujin District, Changzhou, Jiangsu, China",China
11,"Advanced International Multitech Co., Ltd."," Building F, Pengjinghui Industrial Park, No. 52 Tenth Road, Long Yean Village, Humen Town, Dongguan, Guangdong, China",China
12,"Advanced International Multitech Co., Ltd."," No. 2 South 5th Road, K.E.P.Z. Kaohsiung, Taiwan",Taiwan
13,Advanced Semiconductor Engineering Inc.," 76 Saneopdanji-gil, Paju, Gyeonggi-Do, Korea",Korea
14,Advanced Semiconductor Engineering Inc.," 26 Chin 3rd Road, Nantze Export Processing Zone, Kaohsiung, Taiwan",Taiwan
15,Advanced Semiconductor Engineering Inc.," 1F, 550 Chung-Hwa Road, Section 1, Chungli, Taoyuan, Taiwan",Taiwan
16,Advanced Semiconductor Engineering Inc.," 1F, No. 115 Nei-Huan North Road, Nantze Export Processing Zone, Kaohsiung, Taiwan",Taiwan
17,Advanced Semiconductor Engineering Inc.," No. 107 Neihuan N. Road, Nanzi District, Kaohsiung, Taiwan",Taiwan
18,Advanced Semiconductor Engineering Inc.," 73 Kai Fa Road, Nantze Export Processing Zone, Kaohsiung, Taiwan",Taiwan
19,Advanced Semiconductor Engineering Inc.," No. 501 Longgui Road, Jinqiao Export Processing (South) Zone, Pudong New Area, Shanghai, China",China
20,Advanced Semiconductor Engineering Inc.," No. 1558 Zhang Dong Road, Zhangjiang Hi-Tech Park, Shanghai, China",China
21,Advanced Semiconductor Engineering Inc.," No. 188 Su Hong Xi Road, Suzhou Industrial Park, Suzhou, Jiangsu, China",China
22,"Alps Electric Co., Ltd."," 136-1 Kitahara, Furukawatsukanome, Osaki, Miyagi, Japan",Japan
23,"Alps Electric Co., Ltd."," 6-3-36 Furukawa Nakazato, Osaki, Miyagi, Japan",Japan
24,"Alps Electric Co., Ltd."," No. 5 Xingchuang 4 Road, Singapore-Industrial Park, Wuxi, Jiangsu, China",China
25,"Alps Electric Co., Ltd."," P.T. 10643 Nilai Industrial Estate, Nilai, Negeri Sembilan, Malaysia",Malaysia
26,"Alps Electric Co., Ltd."," 6-1 Nishida, Kakuda, Miyagi, Japan",Japan
27,"Alps Electric Co., Ltd."," 1-3-5 Higashi Takami, Nagaoka, Niigata, Japan",Japan
28,"Alps Electric Co., Ltd."," 230 Shibue, Wakuya-cho, Tohda-gun, Miyagi Prefecture, Tohda-gun, Miyagi, Japan",Japan
29,Amkor Technology Inc.," No. 39 GuangFu North Road, Hsinchu Industrial Park, Hsinchu, Taiwan",Taiwan
30,Amkor Technology Inc.," No. 111 Yinglun Road Waigaoqiao Free Trade Zone, Shanghai, China",China
31,Amkor Technology Inc.," 119 North Science Avenue, Special Economic Zone, Laguna Techno Park, Binan, Laguna, Philippines",Philippines
32,Amkor Technology Inc.," 110 Anaji-ro, Gyeyang-gu, Incheon, Korea",Korea
33,Amkor Technology Inc.," 957 Daechon-dong, Buk-gu, Gwangju, Gyeonggi-Do, Korea",Korea
34,Amkor Technology Inc.," No. 11 GuangFu Road, Hsinchu Industrial Park, Hsinchu, Taiwan",Taiwan
35,Amkor Technology Inc.," Mirae-ro 150, Songdo, Incheon, Korea",Korea
36,Amkor Technology Inc.," 1F, No. 1 Kao-Ping Sec Chung-Feng Road, Lungtan Township, Taoyuan, Taiwan",Taiwan
37,Amkor Technology Inc.," 1 Ohmaki, Harue-Cho, Harue, Fukui, Japan",Japan
38,Amkor Technology Inc.," 145-1, Aza-Nakajima, Nanae-cho, Kameda, Hokkaido, Japan",Japan
39,Amphenol Corp.," No. 98-5 Road 19, Hangzhou Economic and Technological Development Zone, Hangzhou, Zhejiang, China",China
40,Amphenol Corp.," No. 689 Shennan Road, Xin Zhuang Industry Park, Shanghai, China",China
41,Amphenol Corp.," Block A3/A4, DongKeng Road, GongMing Town, Shenzhen, Guangdong, China",China
42,Amphenol Corp.," 825 Old Trail Road, Etters, Pennsylvania, USA",USA
43,ams AG," B2-1D Carmelray Industrial Park II, Barangay Tulo, Calamba, Laguna, Philippines",Philippines
44,ams AG," Tobelbaderstrasse 30, Unterpremstaetten, Styria, Austria",Austria
45,ams AG," 26 Woodlands Loop, Level 1, Singapore",Singapore
46,ams AG," 7000 Ang Mo Kio Avenue 5, Singapore",Singapore
47,Analog Devices Inc.," Gateway Business Park, Javalera, Gen. Trias, Cavite, Philippines",Philippines
48,Apollo Global Management LLC," 190 Yishun Avenue, Singapore",Singapore
49,Apollo Global Management LLC," No. 3, Lintang Bayan Lepas 8, Kawasan Perindustrian Bayan Lepas, Fasa 4, Mukim 12, Bayan Lepas, Penang, Malaysia",Malaysia
50,Artesyn Embedded Technologies Inc.," No. 68 Baocheng E. Road, Fucheng Town, Luoding, YunFu, Guangdong, China",China
51,Artesyn Embedded Technologies Inc.," Main Avenue Corner Road J, PEZA Complex, Rosario, Cavite, Philippines",Philippines
52,"Asahi Glass Co., Ltd."," SAHA Group Industrial Park Lamphun 99/39 Moo 5, T. Pasak, Muang Lamphun, Thailand",Thailand
53,"Asahi Glass Co., Ltd."," 1-8 Machiikedai, Koriyama, Fukushima, Japan",Japan
54,"Asahi Glass Co., Ltd."," 5-6-1 Umei, Takasago, Hyogo, Japan",Japan
55,"Asahi Glass Co., Ltd."," BE-2400 Mol, Brussels, Belgium",Belgium
56,"Asahi Glass Co., Ltd."," 11 Qisan Road, Haitian Industrial Garden, Shenzhen Export Processing District, Pingshan New Zone, Shenzhen, Guangdong, China",China
57,Asia Vital Components Ltd.," No. 5 Lane 8, RongJiang Road, Songjiang Export Processing Zone, Shanghai, China",China
58,Asia Vital Components Ltd.," West Industry Park, XinYang Industrial Zone, Shajing Town, Baoan District, Shenzhen, Guangdong, China",China
59,Asia Vital Components Ltd.," Jin Xi Zhen Jin Road, No. 188 Building 9, Kunshan, Jiangsu, China",China
60,AT & S Austria Technologie & Systemtechnik AG," No. 58 Chang He Road, Yuzui Town, Jiangbei District, Chongqing, China",China
61,AT & S Austria Technologie & Systemtechnik AG,"  No. 5000 Jindu Road, Shanghai, China",China
62,Biel Crystal Manufactory Ltd.," Biel Crystal Industrial Park, TangJing Village, Baishi, QiuChang Town, Huiyang District, Huizhou, Guangdong, China",China
63,BOE Technology Group," Co., Ltd. No. 668 Longzihu Road, Heifei, Anhui, China",China
64,"Boyd Die Cut Co., Ltd."," 8 Xindu Road, Singapore-Industrial-Park, Wuxi, Jiangsu, China",China
65,"Boyd Die Cut Co., Ltd."," No. 1 Building Runheng Industrial Park, 67 Zone of Baocheng, Liuxian 2nd Road, Baoan District, Shenzhen, Guangdong, China",China
66,Brilliant International Group," Ltd. Qiao Tou, 1 Industrial District, Lou Cun Community Council, Gong Ming  Street, Guangming, Xinqu, Shenzhen, Guangdong, China",China
67,Brilliant International Group," Ltd. Building 1, Linyuan Investment Park, Intersection of Yanhe Road and  Shenzhou, Xinzheng City, Zhengzhou, Henan, China",China
68,Broadcom Limited," 4380 Ziegler Road, Ft. Collins, Colorado, USA",USA
69,Broadcom Limited," 110 American Parkway NE, Allentown, Pennsylvania, USA",USA
70,Broadcom Limited," Fab 12A, No. 18 Nan-Ke 2nd Road, Tainan Science Park, Tainan, Taiwan",Taiwan
71,"BYD Co., Ltd."," No. 1 BaoPing Road, Baolong Industrial Town, Long Gang, Shenzhen, Guangdong, China",China
72,"BYD Co., Ltd."," Xiangshui River, Economic Development Zone, Daya Bay, Huizhou, Guangdong, China",China
73,"Career Technology (Mfg.) Co., Ltd."," 248 Boai Street, Shulin District, Taipei, Taiwan",Taiwan
74,"Career Technology (Mfg.) Co., Ltd."," No. 18 Jin Sha Jiang South Road, Kunshan, Jiangsu, China",China
75,"Catcher Technology Co., Ltd."," No. 21 Gucheng Road, Suzhou-Suqian Industrial Park, Suqian, Jiangsu, China",China
76,"Catcher Technology Co., Ltd."," XiangTai Road West Side, Lion River South Side, Economic Development Zone, Taizhou, Jiangsu, Guangdong, China",China
77,"Catcher Technology Co., Ltd."," East of Xiangtai Road, North of Haijun West Road, Economic Development Zone, Taizhou, Jiangsu, China",China
78,"Cathay Tat Ming Precision Metal Products Co., Ltd."," No. 5 Furong 3rd Road, Xishan Economic Development Zone, Wuxi, Jiangsu, China",China
79,"Cathay Tat Ming Precision Metal Products Co., Ltd."," No. 2 Section A, Baigongao Industrial Zone, Xikeng Xinwei Sector, Fumin, Guanlan, Baoan, Shenzhen, Guangdong, China",China
80,"Cathay Tat Ming Precision Metal Products Co., Ltd."," Yuyuan 4 Road, Yuyuan Industrial Zone, Huangjiang Town, Dongguan, Guangdong, China",China
81,Cheng Loong Corp.," Dong Yie Street, Industry District, Houjie Town, Dongguan, Guangdong, China",China
82,Cheng Loong Corp.," 888 Fuyan Road, Weishi County, Kaifeng, Henan, China",China
83,Cheng Loong Corp.," No. 48 Teng Feng 3rd Road, Chengdu, Sichuan, China",China
84,Cheng Loong Corp.," No. 1 Tengfei 11 Road, Southwest Air Harbor Development Economic Zone, Chengdu, Sichuan, China",China
85,Cheng Loong Corp.," 399 Xiupu Road, Kangqiao Industrial Zone, Nanhai District, Shanghai, China",China
86,Cheng Loong Corp.," No. 98 B Zone, Gui Lin Road, Kunshan, Jiangsu, China",China
87,"Cheng Uei Precision Industry Co., Ltd."," Industry Street, DongKeng, Dongguan, Guangdong, China",China
88,"Cheng Uei Precision Industry Co., Ltd."," Junda Industry Disctict, DongKeng, Dongguan, Guangdong, China",China
89,"Cheng Uei Precision Industry Co., Ltd."," No. 6 Zhengwei Road, Jinxi Town, Kunshan, Jiangsu, China",China
90,"Cheng Uei Precision Industry Co., Ltd."," 8th Long Keng Industry District, QianMei Road, DongKeng, Dongguan,  Guangdong, China",China
91,"Cheng Uei Precision Industry Co., Ltd."," No. 1 Xinfeng Street, Chang Long Village, Huang Jiang Town,  Dongguan, Guangdong, China",China
92,"Chengdu Homin Technology Co., Ltd."," No. 265 Tengfei Avenue, Qingyang District, Chengdu, Sichuan, China",China
93,China Circuit Technology (Shantou) Corp.," Wanji Industrial District, Longhu, Shantou, Guangdong, China",China
94,Coilcraft Inc.," Bac Chu Lai Industrial Park, Chu Lai Open Economic Zone, Tam Hiep, Nui Thanh, Quang Nam, Vietnam",Vietnam
95,Coilcraft Inc.," Putian Village, Xiyang Town, Meizhou, Guangdong, China",China
96,Coilcraft Inc.," Jln Aster, Lot SD37-38, Lobam, Bintan, Indonesia",Indonesia
97,Coilcraft Inc.," No. 5 Guangtonnan Road, Dongfeng West Street, Weinan, Shanxi, China",China
98,Compal Electronics Inc.," No. 68-2 Suyuan Road, Nanjing Export Processing Zone (South Area), Nanjing, Jiangsu, China",China
99,Compal Electronics Inc.," No. D05, Zone D, Air Port Section of LiangLu CunTan Free Trade port Area, YuBei District, Chongqing, China",China
100,"Compeq Manufacturing Co., Ltd."," 4D Block, Suchun Industrial Square, No. 428 Xinglong Street, Suzhou Industrial Park, Suzhou, Jiangsu, China",China
101,"Compeq Manufacturing Co., Ltd."," No. 21 Panlong Road, Lidu Industrial Park, Fuling district, Chongqing, China",China
102,"Compeq Manufacturing Co., Ltd."," No. 168 Huguang Road, Huzhen Town, Boluo County, Huizhou, Guangdong, China",China
103,"Compeq Manufacturing Co., Ltd."," No. 91 Lane 814, Ta Hsin Road, Shin Chuang Village, Lu Chu Hsiang, Taoyuan, Taiwan",Taiwan
104,Corning Inc.," 680 E. Office Street, Harrodsburg, Kentucky, USA",USA
105,Corning Inc.," 12117 Obuchi, Kakegawa, Shizuoka, Japan",Japan
106,Corning Inc.," No. 33 Section 2, HaunDong Road, Tainan Science Based Industrial Park, Tainan, Taiwan",Taiwan
107,Corning Inc.," 212, Tangjeong-ro, Tangjeong-myeon, Asan, Chungcheongnam-do, Korea",Korea
108,Cosmosupplylab Ltd.," Middle ZhongXin Road, Xian Sha Industry, Gaobu Town, Dongguan, Guangdong, China",China
109,Cosmosupplylab Ltd.," Bo Wang Industrial Park, Gaobu Town, Dongguan, Guangdong, China",China
110,Cowell E Holdings Inc.," No. 1 Songbo Road, Huanan Industrial Area, Liaobu Town, Dongguan, Guangdong, China",China
111,"Coxon Precise Industrial Co., Ltd."," West No. 3 Zhong Nan South Road, Hai Bin District, Shang Sha Village Changan Town, Dongguan, Guangdong, China",China
112,"Coxon Precise Industrial Co., Ltd."," 763 ZhenAnZhong Road, 6th Industrial District, ShangSha Villlage, Changan Town, Dongguan, Guangdong, China",China
113,"CymMetrik Enterprise Co., Ltd."," No. 168 Chuyang Road, Lujia Town, East part of Economic and Technical Development Zone, Kunshan, Jiangsu, China",China
114,"CymMetrik Enterprise Co., Ltd."," Xinhua Road, Xingwei Community, Fuyong Street, Baoan, Shenzhen, Guangdong, China",China
115,"CymMetrik Enterprise Co., Ltd."," 8th Factory, Industrial Park of Weishi County, Kaifeng, Henan, China",China
116,"Dai-Ichi Seiko Co., Ltd."," 12 Hokuryo-cho, Matsue, Shimane, Japan",Japan
117,"Dai-Ichi Seiko Co., Ltd."," 2455-1 Takata, Chikuzen-machi, Asakura-gun, Fukuoka, Japan",Japan
118,"Dai-Ichi Seiko Co., Ltd."," 55 Yishun Industrial Park A, Singapore",Singapore
119,"Dai-Ichi Seiko Co., Ltd."," 863 Mitsusawa, Ogori, Fukuoka, Japan",Japan
120,"Dai-Ichi Seiko Co., Ltd."," Block 2 Woodlands Sector 1, No. 01-24 Woodlands Spectrum 1, Singapore",Singapore
121,Daikin Industries Ltd.," 1-1 Nishi-Hitotsuya, Settsu, Osaka, Japan",Japan
122,Daikin Industries Ltd.," No. 8 Jinyu Road (West) Advanced Materials Industrial, Changshu, Jiangsu, China",China
123,Daikin Industries Ltd.," 21 Sunayama, Kamisu, Ibaraki, Japan",Japan
124,Darfon Electronics Corp.," 21 Industry 2nd Road, Tainan, Taiwan",Taiwan
125,Darfon Electronics Corp.," No. 99 Zhuyuan Road, New District, Suzhou, Jiangsu, China",China
126,Delta Group," No. 168 Jishi East Road & No. 688 Xiuhu West Road, Wujiang Economic & Technological Development Zone, Suzhou, Jiangsu, China",China
127,Delta Group," No. 688 Xiuhu West Road, Song Ling Town, Suzhou, Jiangsu, China",China
128,Delta Group," Chen Zhou Export Processing Zone, Bai Lu Tang Town, Su Xian District, Chenzhou, Hunan, China",China
129,Delta Group," Wellgrow Industrial Estate, 111 Moo 9, Soi 11, Bangna-Trad Road, Tambol Bangwua, Bang Pakong, Chachoengsao, Thailand",Thailand
130,Delta Group," 1688 Jiangxing East Road, Wujiang Economy Development Zone, Wujiang, Jiangsu, China",China
131,Dexerials Corp.," Ha-86 Akai-machi, Nomi, Ishikawa, Japan",Japan
132,Dexerials Corp.," 18 Satuki-cho, Kanuma-shi, Tochigi, Japan",Japan
133,Dexerials Corp.," 3-4-1 Sakuragi, Tagajo-shi, Miyagi, Japan",Japan
134,Dexerials Corp.," 1724 Shimotsuboyama, Shimotsuke-shi, Tochigi, Japan",Japan
135,Diodes Inc.," Waldweg 7, Neuhaus am Rennweg, Thuringia, Germany",Germany
136,Diodes Inc.," Zetex Technology Park, Chadderton, Oldham, United Kingdom",United Kingdom
137,Diodes Inc.," Plant No. 1, Lane 18, San Zhuang Road, Songjiang Export Zone, Shanghai, China",China
138,Diodes Inc.," No. 8 Kexin Road, Chengdu Hi-Tech Zone (West Park), Chengdu, Sichuan, China",China
139,Diodes Inc.," 777 N.W. Blue Parkway, Suite 350, Lees Summit, Missouri, USA",USA
140,Diodes Inc.," No. 999 Chenchun Road, Xinqiao Town, Songjiang District, Shanghai, China",China
141,"DSM Engineering Plastics Co., Ltd."," Urmonderbaan 22, Geleen, Netherlands",Netherlands
142,"DSM Engineering Plastics Co., Ltd."," Eerste Bokslootweg 17, Emmen, Netherlands",Netherlands
143,"DSM Engineering Plastics Co., Ltd."," No. 18 Pan Long Shan Road, Jiangyin, Jiangsu, China",China
144,Dynapack International Technology Corp.," No. 8 Hua-Gang Road, Wujiang Economic and Technological Development Zone, Suzhou, Jiangsu, China",China
145,Ellington Electronics Technology Group," 88 Gao Ping Chemical & Industrial Zone, San Jiao Town, Zhongshan, Guangdong, China",China
146,FIT Hon Teng Ltd.," 37 Street, Dinh Tram Industry Zone, Viet Yen, Bac Giang, Vietnam",Vietnam
147,FIT Hon Teng Ltd.," No. 168 Fushikang Road, Huaian Economic Development Zone, Huaian, Jiangsu, China",China
148,FIT Hon Teng Ltd.," No. 889 Fushikang Road, High Technology Industry Park, Kunshan Development Zone, Kunshan, Jiangsu, China",China
149,FIT Hon Teng Ltd.," Baoyuan Technology Area, DaShuiKeng, GuanLan Town, Longhua New Distict, Shenzhen, Guangdong, China",China
150,Flexium Interconnect Inc.," No. 23 Juguang 1st Sreet, Tafa Industrial Park, Daliao District, Kaohsiung, Taiwan",Taiwan
151,Flexium Interconnect Inc.," No. 1399, Hanpu Road, Hi-Tech Industrial Park, Kunshan, Jiangsu, China",China
152,Flextronics Sales and Marketing (A-P) Ltd.," 12455 Research Blvd., Austin, Texas, USA",USA
153,Flextronics Sales and Marketing (A-P) Ltd.," 6380 East Holmes Road, Memphis, Tennessee, USA",USA
154,Flextronics Sales and Marketing (A-P) Ltd.," Avenida Liberdade, 6315, Iporanga-Sorocaba, Sao Paulo, Brazil",Brazil
155,Flextronics Sales and Marketing (A-P) Ltd.," Plot No. 3 Phase III, SIPCOT Industrial Park, Sandavellur (Village), Sriperumbuthur, Kanchipuram, Tamilnadu, India",India
156,Flextronics Sales and Marketing (A-P) Ltd.," Flextronics Industrial Zone, Shi Da Road, Da Ling Shan, Dongguan, Guangdong, China",China
157,"Foster Electric Co., Ltd."," No. 1 Street 11, VSIP Bac Ninh, Tu Son, Bac Ninh, Vietnam",Vietnam
158,"Foster Electric Co., Ltd."," Street No. 1 Hoa Cam industrial zone, Cam Le district, Da Nang, Vietnam",Vietnam
159,"Foster Electric Co., Ltd."," No. 20, VSIP II street 5, Vietnam-Singapore Industrial Park II, Hoa Phu ward, Thu Dau Mot, Binh Duong, Vietnam",Vietnam
160,"Foster Electric Co., Ltd."," Building #7, No. 1 Zongbu Road, Nanning New High Technology Industrial Zone, Nanning, Guangxi, China",China
161,"Foster Electric Co., Ltd."," No. 8, 11 Ke Yuan Dong Road, Nanning New High Technology Industrial Zone, Nanning, Guangxi, China",China
162,Fujikura Ltd.," 101/2 Moo 20, Navanakorn Industrial Zone, Phaholyothin Road, Klongluang District, Khlong Luang, Pathum Thani, Thailand",Thailand
163,Fujikura Ltd.," Building 56A, No. 199 Riying North Road, Waigaoqiao Free Trade Zone, Shanghai, China",China
164,Fujikura Ltd.," 1/80 Moo 5, Rojana Industrial Park, Rojana Road, Tambol Kanham, Amphur U-Thai Pranakorn Sri, Ayutthaya, Thailand",Thailand
165,Fujikura Ltd.," 612/12, Moo 9, Kabinburi Industrial Zone, Cam Le district, Da Nang, Vietnam",Vietnam
166,Fujikura Ltd.," Northern Region Industrial Estate, 68/1 Moo 4 Tambol, Lamphun, Thailand",Thailand
167,Fujikura Ltd.," Build A-B, No. 1411 Yecheng Road, Jiading Industrial Zone, Shanghai, China",China
168,Fujikura Ltd.," 14 Matsuyama-cho, Moka, Tochigi, Japan",Japan
169,Fujikura Ltd.," 55/25 Moo 13, Navanakorn Industrial Estate, Paholyothin Road, Klong Nueng, Khlong Luang, Pathum Thani, Thailand",Thailand
170,Garuda International Ltd.," Building A1-A3, Pengding Plant, Songluo Road, Yanchuan Community, Yanluo Street, Baoan District, Shenzhen, Guangdong, China",China
171,Garuda International Ltd.," No. 18 Tengfei Road, Economic and Technological Development Zone, Qinhuangdao, Hebei, China",China
172,Garuda International Ltd.," No. 11 Honghai North Road, Huaian Economic Development Zone, Huaian, Jiangsu, China",China
173,"Genius Electronic Optical Co., Ltd."," No. 8 Chuangxin Road, Torch Hi-tech Indsl Zone, Xiamen, Fujian, China",China
174,GoerTek Inc.," No. 268 Dongfang Road, High-Tech Industrial Development Zone, Weifang, Shandong, China",China
175,GoerTek Inc.," West Changan South Road and North Tengfei Road, Yishui County, Linyi, Shandong, China",China
176,GoerTek Inc.," Lot K-08, Que Vo industrial park, Nam Son commune, Bac Ninh, Vietnam",Vietnam
177,"Hama Naka Shoukin Industry Co., Ltd."," No. 1 Gaoding Road, Kunshan Development Zone, Kunshan, Jiangsu, China",China
178,"HengMingDa Wrapper Co., Ltd."," No. 1568 Taji Road, Shipai Town, Kunshan, Jiangsu, China",China
179,Henkel Corp.," No. 90 Zhu Jiang Road , Yantai Economic Technological Development Zone, Yantai, Shandong, China",China
180,Henkel Corp.," 167 Batchelder Road, Seabrook, New Hampshire, USA",USA
181,Henkel Corp.," 301 Washington Street, Cannon Falls, Minnesota, USA",USA
182,Henkel Corp.," No. 524, Anji East Road, Sanzao Town, Jin Wan Qu, Zhuhai, Guangdong, China",China
183,HI-P International Ltd.," No. 77 Jinwen Road, Zhuqiao Airport Industrial Zone, Pudong New Area, Shanghai, China",China
184,HI-P International Ltd.," No. 96 and No. 102, Jinwen Road, Zhuqiao Airport Industrial Zone, Pudong New Area, Shanghai, China",China
185,HI-P International Ltd.," No. 38 Jinliang Road, Pudong, Shanghai, China",China
186,HI-P International Ltd.," Blk 3 and 4, No. 955 Jinhai Road, Shanghai, China",China
187,HI-P International Ltd.," No. 86 Liu Feng Road, Wu Zhong District, Suzhou, Jiangsu, China",China
188,"Hirose Electric Co., Ltd."," 1261-10 Jeongwang-Dong, Siheung, Gyeonggi-Do, Korea",Korea
189,"Hirose Electric Co., Ltd."," 2-31-1 Toyomane, Yamadacho, Shimoheigun, Miyako, Iwate, Japan",Japan
190,"Hirose Electric Co., Ltd."," 21-2 Kubota Dai-2 Chiwariaza Akamae, Miyako, Iwate, Japan",Japan
191,"Hirose Electric Co., Ltd."," 509-36 Soejima, Fuchumachi, Toyama, Japan",Japan
192,"Hirose Electric Co., Ltd."," 3215 Shimoizawa, Fuchumachi, Toyama, Japan",Japan
193,"Hirose Electric Co., Ltd."," 46-3 Aza Nishi, Niida, Tagajo-shi, Miyagi, Japan",Japan
194,"Hirose Electric Co., Ltd."," 55-1 Jiwari, Tagusari, Miyako, Iwate, Japan",Japan
195,"Hirose Electric Co., Ltd."," 63-25 Nishiura Aisaricho, Kitakami, Iwate, Japan",Japan
196,"Hirose Electric Co., Ltd."," 191-1 Oaza Urushikawa Aza Tamatsubaki, Goshogawara, Aomori, Japan",Japan
197,"Hon Hai Precision Industry Co., Ltd."," No. 1925 NanLe Road, Songjiang Export Processing Zone,  Shanghai, China",China
198,"Hon Hai Precision Industry Co., Ltd."," Avenida Caminho de Gois 100, Rodovia Anhanguera km 66, Bairro dos  Fernandes, Bloco B, Jundia, Sao Paulo, Brazil",Brazil
199,"Hon Hai Precision Industry Co., Ltd."," Foxconn Longhua Technology Park, #2 2nd Donghuan Road, 10th  Yousong Industrial District, Longhua Town, Baoan, Shenzhen, Guangdong, China",China
200,"Hon Hai Precision Industry Co., Ltd."," No. 1 Longfei Street Economy Technology Development Zone, Taiyuan,  Shanxi, China",China
201,"Hon Hai Precision Industry Co., Ltd."," Foxconn Guanlan Technology Park North site, Dashuikeng Village,  Guanlan Town, Baoan, Shenzhen, Guangdong, China",China
202,"Hon Hai Precision Industry Co., Ltd."," No. 168 Hezuo Road, CDHT Western Park, Chengdu, Sichuan, China",China
203,"Hon Hai Precision Industry Co., Ltd."," No. 9 Jianye East Road, Torch Hi-Tech Development Zone,  Zhongshan, Guangdong, China",China
204,"Hon Hai Precision Industry Co., Ltd."," No. 1216 Lanhua Road, Jincheng Economic and Technology  Development Zone, Jincheng, Shanxi, China",China
205,"Hon Hai Precision Industry Co., Ltd."," Wancheng warehouse 203, No. 6 Hongmian Road, Fu-tian tax free  zone, Shenzhen, Guangdong, China",China
206,"Hon Hai Precision Industry Co., Ltd."," Longhe Technology Industry zone, Southern Construction Road,  Anci District, Langfang, Hebei, China",China
207,"Hon Hai Precision Industry Co., Ltd."," Foxconn Technology Development Zone, Hebi, Henan, China",China
208,"Hon Hai Precision Industry Co., Ltd."," HuLing Industry Park, HuangHe River Road, Jiyuan, Henan, China",China
209,"Hon Hai Precision Industry Co., Ltd."," No. 7 workshop, Export Processing District, No. 9 Avenue, Economy  Technology Development Zone, Zhengzhou, Henan, China",China
210,"Hon Hai Precision Industry Co., Ltd."," No. 35 Hua Bao North Road, Cheng Xi Industrial Zone, Chancheng  District, Foshan, Guangdong, China",China
211,"Hon Hai Precision Industry Co., Ltd."," 13301 Park Vista Blvd., Fort Worth, Texas, USA",USA
212,"Hon Hai Precision Industry Co., Ltd."," No. 299 Nan Song Road, Yu Shan Town, Kunshan, Jiangsu, China",China
213,"Hon Hai Precision Industry Co., Ltd."," No. 888 Hezuo Road, Comprehensive Bonded Zone, CDHT Western  Park, Chengdu, Sichuan, China",China
214,"Hon Hai Precision Industry Co., Ltd."," No. 99 Fuxing Avenue, Xitang Town, Jiashan, Zhejiang, China",China
215,"Hon Hai Precision Industry Co., Ltd."," No. 880 Zizhu Road, Hi-Tech Industrial Zone, Kunshan, Jiangsu, China",China
216,"Hon Hai Precision Industry Co., Ltd."," No. 6, Sec. 2, Huandong Road, Xinshi District, Tainan, Taiwan",Taiwan
217,"Hon Hai Precision Industry Co., Ltd."," Building 8, Foxconn Guanlan Technology Park B District, DaSan  Community, Guanlan Town, Baoan, Shenzhen, Guangdong, China",China
218,"Hon Hai Precision Industry Co., Ltd."," No. 689 Hezuo Road, Chengdu High Technology Western Park,  Chengdu, Sichuan, China",China
219,"Hon Hai Precision Industry Co., Ltd."," Hongguan science and technology park, DaShuikeng Village, Guanlan  Street, Guanlan, Shenzhen, Guangdong, China",China
220,"Hon Hai Precision Industry Co., Ltd."," Industrial Distribution Center at Lankao County, Kaifeng, Henan, China",China
221,"Hon Hai Precision Industry Co., Ltd."," West of JiYang Street, LanKao County, Kaifeng, Henan, China",China
222,"Hon Hai Precision Industry Co., Ltd."," No. 2, 2nd Donghuan Road, Longhua Town, Longhua New District,  Shenzhen, Guangdong, China",China
223,"Hon Hai Precision Industry Co., Ltd."," General Bonded Zone, East Zhenxing Road, Zhengzhou Airport,  Zhengzhou, Henan, China",China
224,INB Electronics Ltd.," Chuangye Park, Taihe County, Jian, Jiangxi, China",China
225,INB Electronics Ltd.," Building 2nd, 1st Area, Industrial Area of Huaide Cuihai, Fengtang Road, Fuyong Street, Shenzhen, Guangdong, China",China
226,INB Electronics Ltd.," Xiangshuihe Industrial Area, Dayawan Development District, Huizhou, Guangdong, China",China
227,Infineon Technologies AG," Free Trade Zone, Jalan Batu Berendam, Batu Berendam, Melaka, Malaysia",Malaysia
228,Infineon Technologies AG," Wernerwerkstr. 2, Regensburg, Bavaria, Germany",Germany
229,Infineon Technologies AG," Konigsbrucker Str. 180, Dresden, Saxony, Germany",Germany
230,Infineon Technologies AG," Siemensstrabe 2, Villach, Oesterreich, Austria",Austria
231,Infineon Technologies AG," Lot 10 & 11, Kulim Hi-Tech Park, Kedah Darul Aman, Jalan Hi-Tech 7, Industrial Zone Phase II, Kulim, Kedah, Malaysia",Malaysia
232,Intel Corp.," No. 8-1 Kexin Road, High-Tech Zone (West Park), Chengdu, Sichuan, China",China
233,Intel Corp.," 2501 NW 229th Avenue, Hillsboro, Oregon, USA",USA
234,Intel Corp.," Rio Rancho Blvd SE, Rio Rancho, New Mexico, USA",USA
235,Intel Corp.," 4500 South Dobson Road, Chandler, Arizona, USA",USA
236,Intel Corp.," Collinstown Industrial Park, Leixlip, Ireland",Ireland
237,Intel Corp.," New Industrial Area 2 Tzoran Street, Kiryat Gat, Israel",Israel
238,Intel Corp.," Bayan Lepas Industrial Park IV, Penang, Malaysia",Malaysia
239,Intel Corp.," Lot I2, Saigon Hi-Tech Park, District 9, Ho Chi Minh,  Binh Duong, Vietnam",Vietnam
240,Intel Corp.," 109 Huaihe East Road, Dalian, Liaoning, China",China
241,Intel Corp.," Lot 8, Jalan Hi-tech 2/3, Kulim Hi-tech Park, Kulim, Kedah, Malaysia",Malaysia
242,"Interflex Co., Ltd."," 600 Sunggok-dong, Danwon-gu, Ansan, Gyeonggi-Do, Korea",Korea
243,Intramedia Inc.," 189 Tangzhuang Road, Suzhou Industrial Park, Suzhou, Jiangsu, China",China
244,Intramedia Inc.," No. 11 Haiyi Road, Ching Tou Village, Changan Town, Dongguan, Guangdong, China",China
245,Inventec Corp.," No. 789, Puxing Road, Minhang District, Shanghai, China",China
246,Jabil Circuit Inc.," Ganpi Village, Zhenlong Town, Huiyang District, Huizhou, Guangdong, China",China
247,Jabil Circuit Inc.," No. 84-2 Block B, National Hi-Tech Industrial Development Zone, Wuxi, Jiangsu, China",China
248,Jabil Circuit Inc.," No. 7 Yang Qing Road, Lou Feng Demonstrative S.I.P, Suzhou, Jiangsu, China",China
249,Jabil Circuit Inc.," No. 2073, Jincheng Road, Shajing Street, Baoan District, Shenzhen, Guangdong, China",China
250,Jabil Circuit Inc.," No. 21, Sai Da Shi Ji Road, Xiqing Economic Development Zone, Tianjin, China",China
251,Jabil Circuit Inc.," No. 266 Sec. 1, Shen-Lin Road, Ta Ya 428, Taichung, Taiwan",Taiwan
252,Jabil Circuit Inc.," Lot J9, J10 Export Processing Zone, Wuxi, Jiangsu, China",China
253,Jabil Circuit Inc.," No. 1 Sec.3, Chuangxin Road, Chongzhou Economic Development District, Chengdu, Sichuan, China",China
254,Jabil Circuit Inc.," No. 119, Hulin Road, Huangpu District, Guangzhou, Guangdong, China",China
255,Jabil Circuit Inc.," 128 Juncheng Road, Guangzhou Economic and Technology Development Zone, Guangzhou, Guangdong, China",China
256,Jabil Circuit Inc.," No. 97 National High-Tech Industrial Development Zone, Wuxi, Jiangsu, China",China
257,Jabil Circuit Inc.," No. 128 TongYuan Road, Suzhou Industrial Park, Suzhou, Jiangsu, China",China
258,Japan Aviation Electronics Industry Ltd.," 5-1 Oaza Seinofukuro 5-chome, Hirosaki, Aomori, Japan",Japan
259,Japan Aviation Electronics Industry Ltd.," 4102-6 Aza Takadaishinden, Oaza Izumida, Shinjo, Yamagata, Japan",Japan
260,Japan Display Inc.," Xinyang road Dengwu Village, Qiaotou Town, Dongguan, Guangdong, China",China
261,Japan Display Inc.," 26-2 Yamadasenden, Kawakita, Nomi-gun, Ishikawa, Japan",Japan
262,Japan Display Inc.," 1-47 Iwauchi-machi, Nomi, Ishikawa, Japan",Japan
263,Japan Display Inc.," 3300 Hayano, Mobara, Chiba, Japan",Japan
264,Japan Display Inc.," No. 1 Central Avenue, Area B, Kunshan Free Trade Zone, Kunshan, Jiangsu, China",China
265,Japan Display Inc.," 1-2480, Takematsumachi, Hakusan, Ishikawa, Japan",Japan
266,"Jarllytec Co., Ltd."," No. 13 Wugong 5th Road, Hsin Chung Dist, New Taipei City, Taipei, Taiwan",Taiwan
267,"Jeou Uei Co., Ltd."," No. 5-1 GuGang Road, ChengQu Industrial Park, Economic Development Zone, Taicang, Jiangsu, China",China
268,"Jeou Uei Co., Ltd."," Building No. 4 of Row 5, Jiao Tang Industry Area, Baoan District, Shenzhen, Guangdong, China",China
269,"Jiangsu Changjiang Electronics Technology Co., Ltd."," 5 Yishun Street 23, Singapore",Singapore
270,Jinlong Holding Group," Co., Ltd. Jingang Blvd., Jinlong Science & Technology Park, Bei Baixiang Town, Yueqing, Wenzhou, Zhejiang, China",China
271,Jinlong Holding Group," Co., Ltd. Sinco Industrial Park, Huai Bei Road, Huai De District, Humen, Dongguan, Guangdong, China",China
272,JX Nippon Mining & Metals Corp.," 3 Kurami, Samukawa, Koza, Kanagawa, Japan",Japan
273,"Kantatsu Co., Ltd."," No. 8 Xinlong Road Xinpu Economic Development Zone, Lianyungang, Jiangsu, China",China
274,Kemet Corp.," Av. las Americas 780 Ote., Colonia, Victoria, Tamaulipas, Mexico",Mexico
275,Kemet Corp.," No. 99 Yangpu Road, Suzhou, Jiangsu, China",China
276,Kemet Corp.," Long Binh Techno Park (LOTECO) EPZ, Long Binh Ward, Bien Hoa, Dong Nai, Vietnam",Vietnam
277,Kemet Corp.," 78/2 Moo 1, Wellgrow Industrial Estate, Bangna-Trad KM. 36 Road, Homsil, Bang Pakong, Chachoengsao, Thailand",Thailand
278,Kemet Corp.," Lot 336, Batamindo Industry Park, Jl. Gaharu, Muka Kuning, Nongsa, Kota Batam, Kepulauan Riau, Indonesia",Indonesia
279,Kemet Corp.," No. 9, Ri-xin Road, Xinglin Ji-mei Zone, Xiamen, Fujian, China",China
280,"Kunshan Kersen Science & Technology Co., Ltd."," No. 389 Kunjia Road, Kunshan, Jiangsu, China",China
281,"Kunshan Kersen Science & Technology Co., Ltd."," No. 5 Weiliu Road, Dong Tai, Jiangsu, China",China
282,Kinsus Interconnect Technology Corp.," No. 1245, Junghua Road, Shin-Wu Shiang, Taoyuan, Taiwan",Taiwan
283,Kinsus Interconnect Technology Corp.," No. 526, Sec. 2, Jianxing Road, Xinfeng, Hsinchu, Taiwan",Taiwan
284,Knowles Corp.," Plot 104, Lebuhraya Kampung Jawa, Bayan Lepas Industrial Estate, Penang, Malaysia",Malaysia
285,Knowles Corp.," 379 Middle Suhong Road, Suzhou Industrial Park, Suzhou, Jiangsu, China",China
286,Koch Industries Inc.," No. 889. Ying Lun Road, Wai Gao Qiao Free Trade Zone, Shanghai, China",China
287,Koch Industries Inc.," 27 Guangshun Street, Dalian Economic and Technical Development Zone, Dalian, Liaoning, China",China
288,Koch Industries Inc.," 3949-3 Kawanishi, Kanoya, Kagoshima, Japan",Japan
289,Koch Industries Inc.," No. 110 International Road, Jurong Town, Singapore",Singapore
290,Koch Industries Inc.," 2607 Jalan Perusahaan Kawasan Perindustrian, Perai, Penang, Malaysia",Malaysia
291,Koch Industries Inc.," 1351-2 Sumiyoshi, Yoshida, Haibara-gun, Shizuoka, Japan",Japan
292,Koch Industries Inc.," 700 Kingbird Road, Lincoln, Nebraska, USA",USA
293,Kyocera Group," 5850 Higashine-koh ohaza, Higashine, Yamagata, Japan",Japan
294,Kyocera Group," 1-1 Kokubuyamashita-cho, Kirishima-shi, Kagoshima, Japan",Japan
295,Kyocera Group," 1810 Taki-cho, Satsumasendai, Kagoshima, Japan",Japan
296,Kyocera Group," 560 Nyuzen, Nyuzen-machi, Shimoniikawa-gun, Toyama, Japan",Japan
297,Kyocera Group," 8 Jing Ci Road, New City District, Shilong Town, Dongguan, Guangdong, China",China
298,Kyocera Group," 3-11-1 Osachi Kohagi, Okaya, Nagano, Japan",Japan
299,Kyocera Group," 1 Mikata, Ayabe, Kyoto, Japan",Japan
300,Laird Technologies Inc.," Building 1, Dejin Industrial Park, Fuyuanyi Road, Heping Community, Fuyong Town, Bao An District, Shenzhen, Guangdong, China",China
301,Laird Technologies Inc.," No. 398 Yuandian Road, Xin Zhuang Industrial Zone, Shanghai, China",China
302,Laird Technologies Inc.," No. 8 Pengfeng Road, Songjiang, Shanghai, China",China
303,Laird Technologies Inc.," 28 Huanghe South Road, Kunshan Economic & Tech Development Zone, Kunshan, Jiangsu, China",China
304,"Largan Precision Co., Ltd."," No. 18 Tutong First Industrial District, Tutong, Changping, Dongguan, Guangdong, China",China
305,"Largan Precision Co., Ltd."," No. 11 Jingke Road, Nantun District, Taichung, Taiwan",Taiwan
306,"Lens One Technology (Shenzhen) Co., Ltd.","  Lens Technology Zone, Liuyang Biomedical Industrial Estate, Changsha Hunan, China",China
307,"Lens One Technology (Shenzhen) Co., Ltd."," Huangxing Road, Langli Town, Changsha, Hunan, China",China
308,LG Chem Ltd.," No. 17 Hengyi Road, Nanjing Economic & Technology Development Zone, Nanjing, Jiangsu, China",China
309,LG Chem Ltd.," 8B Ochang Scientific Local Industrial Complex 1114-Namchon-ri Oksan-Myeon, Cheongwon-Gun, Chungcheongbuk-Do, Korea",Korea
310,"LG Display Co., Ltd."," 181, 3gongdan 2-ro, Gumi, Gyeongsangbuk-do, Korea",Korea
311,"LG Display Co., Ltd."," No. 59 Kaitai Road, Science City of Guangzhou, High-Tech Industrial Development Zone, Guangzhou, Guangdong, China",China
312,"LG Display Co., Ltd."," No. 1 LG Road, LG Industrial Park, Nanjing Economic & Technology Development Zone, Nanjing, Jiangsu, China",China
313,"LG Display Co., Ltd."," 245 LG-ro, Wollong-myeon, Paju, Gyeonggi-Do, Korea",Korea
314,"LG Display Co., Ltd."," No. 2 Beijing Middle Road, Development Zone, Yantai, Shandong, China",China
315,"LG Display Co., Ltd."," 174, 3gongdan 2-ro, Gumi, Gyeongsangbuk-do, Korea",Korea
316,"LG Display Co., Ltd."," No. 283 JingLong Road, Taimei Town Boluo County, Huizhou, Guangdong, China",China
317,"LG Innotek Co., Ltd."," 66 Suchul-daero 9-gil, Gumi, Gyeongsangbuk-do, Korea",Korea
318,"LG Innotek Co., Ltd."," 50-9 Suchul-daero 7-gil, Gumi, Gyeongsangbuk-do, Korea",Korea
319,"LG Innotek Co., Ltd."," 93, 2sunhwan-ro 971beon-gil, Heungdeok-gu, Cheongju, Chungcheongbuk-Do, Korea",Korea
320,"LG Innotek Co., Ltd."," Lot I-4, Trang Due Industrial Park, An Duong district, Hai Phong City, Haiphong, Vietnam",Vietnam
321,"LG Innotek Co., Ltd."," 130-65 Sanho-daero, Gumi, Gyeongsangbuk-do, Korea",Korea
322,"LG Innotek Co., Ltd."," 77 Sanho-daero, Gumi, Gyeongsangbuk-do, Korea",Korea
323,Lite-On Technology Corp.," No. 11 Fuyuan Road, Wuqing Development Area, Tianjin, China",China
324,Lite-On Technology Corp.," 59 Hong Jing Road, Eastern Section, GETDD, Guangzhou, Guangdong, China",China
325,Lite-On Technology Corp.," Av. Torquato Tapajos 7891, Tarum, Manaus, Brazil",Brazil
326,Lite-On Technology Corp.," No. 8 Guangbao Road, Science City, Luogang Area, Guangzhou, Guangdong, China",China
327,Lite-On Technology Corp.," 1-3/F, Block 9 & 1F, Block 8, Brightman Industrial Zone, Busha Road, Shenzhen, Guangdong, China",China
328,Lite-On Technology Corp.," No. 1 Zhenan Road, Shangjiao Section, Changan Town, Dongguan, Guangdong, China",China
329,Lite-On Technology Corp.," No. 88, Yanghu Road, Wujin Hi-Tech Industrial Development Zone, Changzhou, Jiangsu, China",China
330,Longwell Company," No. 19, 2nd industrial avenue, Tang Xia Chong village, Song Gang town, Paoan Ward,, Shenzhen, Guangdong, China",China
331,Luen Fung Group," No. 50, Ke Ji Road, Yuquan Industrial District South, Fenggang Town, Dongguan, Guangdong, China",China
332,Luen Fung Group," No. 48, Ke Ji Road, Yuquan Industrial District South, Fenggang Town, Dongguan, Guangdong, China",China
333,LUXSHARE-ICT," No. 399, Baisheng Road, Kunshan, Jiangsu, China",China
334,LUXSHARE-ICT," No. 8 Yongyang Road, National economic & Technological Development Zone, Chuzhou, Anhui, China",China
335,LUXSHARE-ICT," No. 158 Jinchang Road, Jinxi Town, Kunshan, Jiangsu, China",China
336,LUXSHARE-ICT," No. 1, Lvyin Road, Industrial Park, Jian, Jiangxi, China",China
337,LUXSHARE-ICT," Fuchuan Road (East side), Jian, Jiangxi, China",China
338,Marian Inc.," Floor 2, Building 3, Chaohuilou Technology Industrial Park, 180 Huating Road, Da Lang, Longhua, Shenzhen, Guangdong, China",China
339,Marian Inc.," Unit 1B, Suchun Industrial Square, 428 Xinglong Street, Suzhou Industrial Park, Suzhou, Jiangsu, China",China
340,Marian Inc.," Unit 5B, B Area, EPZ, No. 158 Qiming Road, Suzhou Industrial Park, Suzhou, Jiangsu, China",China
341,Maxim Integrated Products Inc.," 160 Rio Robles, San Jose, California, USA",USA
342,Maxim Integrated Products Inc.," 14320 SW Jenkins Road, Beaverton, Oregon, USA",USA
343,Maxim Integrated Products Inc.," 4401 South Beltwood Parkway, Dallas, Texas, USA",USA
344,Maxim Integrated Products Inc.," Gateway Business Park, Special Export Processing Zone, Baranggay Javalera, Gen Trias, Cavite, Philippines",Philippines
345,"Merry Electronics Co., Ltd."," No. 800 Kang Yuan Road, Xiang Cheng Economic Development Zone, Suzhou, Jiangsu, China",China
346,Microchip Technology Inc.," 2325 Orchard Parkway, San Jose, California, USA",USA
347,Microchip Technology Inc.," ACP Bldg., 102 Accuracy Drive, Corner Excellence Ave, Carmelray Industrial Park, 1, Canlubang, Calamba, Laguna, Philippines",Philippines
348,Microchip Technology Inc.," 1150 E. Cheyenne Mountian Blvd., Colorado Springs, Colorado, USA",USA
349,Microchip Technology Inc.," Unit 6, Mitchell Point, Ensign Way, Hamble-le-Rice, Hampshire, United Kingdom",United Kingdom
350,Microchip Technology Inc.," 44306 Nantes Cedex 3, Nantes, France",France
351,Microchip Technology Inc.," Vestre Rosten 79, Tiller, Norway",Norway
352,Microchip Technology Inc.," 14 Moo 1, T. Wangtakien, A., Muangchachemgsao, Chachoengsao, Thailand",Thailand
353,Micron Technology Inc.," 7-10, Yoshikawa Kogyo Danchi, Higashi, Hiroshima, Japan",Japan
354,Micron Technology Inc.," No. 429-1 Sanfong Road, Houli District Central Taiwan Science Park, Taichung, Taiwan",Taiwan
355,Micron Technology Inc.," 667, Fuhsing 3rd Road, HwaYa Technology Park, Guishan Township, Taoyuan, Taiwan",Taiwan
356,Micron Technology Inc.," Zone B of Shanxi Xian Export Processing Zone, Xin Xi Ave, Xian, Shanxi, China",China
357,Minebea Mitsumi Inc.," No. 1 Tongsheng Road, Suzhou Industrial Park, Suzhou, Jiangsu, China",China
358,Minebea Mitsumi Inc.," Ban Wa (Hi-Tech) Industrial Estate, 92 Moo 1, Tambon Banlen, Bang Pa-In, Ayutthaya, Thailand",Thailand
359,Minebea Mitsumi Inc.," 5/2 Moo 8, Phaholyothin Road, Km.149 Tambon Nikhom Sang Ton-Eng, Amphoe Muang, Lopburi, Thailand",Thailand
360,Minebea Mitsumi Inc.," No. 5202, LianXi Road, Jinze Town, Qingpu District, Shanghai, China",China
361,Minebea Mitsumi Inc.," No. 2, Dayangzhou Road, Qingdao West Coast Export Processing Zone, Qingdao, Shandong, China",China
362,Minebea Mitsumi Inc.," 1007-39, Izumisawa, Chitose, Hokkaido, Japan",Japan
363,Minebea Mitsumi Inc.," MRI Special Economic Zone, Sabang, Danao, Cebu, Philippines",Philippines
364,"Murata Manufacturing Co., Ltd."," Chi-53, Ohmachi, Anamizu-Machi, Housu, Ishikawa, Japan",Japan
365,"Murata Manufacturing Co., Ltd."," Ozowara, Echizen-cho, Nyu-gun, Fukui, Japan",Japan
366,"Murata Manufacturing Co., Ltd."," Chi-18, Sodanimachi, Hakusan, Ishikawa, Japan",Japan
367,"Murata Manufacturing Co., Ltd."," 10-28 Hananomori 2-chome, Awara, Fukui, Japan",Japan
368,"Murata Manufacturing Co., Ltd."," Plot 15, Bemban Industrial Park Jalan Bemban, Batu Gajah, Perak, Malaysia",Malaysia
369,"Murata Manufacturing Co., Ltd."," Northern Region Industrial Estate, 63 Moo 4, Tambol Ban Klang, Lamphun, Thailand",Thailand
370,"Murata Manufacturing Co., Ltd."," 4-1 Higashiokino 4-chome, Higashiomi, Shiga, Japan",Japan
371,"Murata Manufacturing Co., Ltd."," 11-1 Nakae 4-chome, Sanuma, Hasama-cho, Tome, Miyagi, Japan",Japan
372,"Murata Manufacturing Co., Ltd."," 1020 Takibe, Toyoshina, Azumino, Nagano, Japan",Japan
373,"Murata Manufacturing Co., Ltd."," 345 Uwano, Toyama, Japan",Japan
374,"Murata Manufacturing Co., Ltd."," 2308 Kaminaoe, Hikawa-cho, Izumo-shi, Shimane, Japan",Japan
375,"Murata Manufacturing Co., Ltd."," 77 Fukumoto, Oku-cho, Setouchi, Okayama, Japan",Japan
376,"Murata Manufacturing Co., Ltd."," 1, 13-go, Okamotocho, Echizen, Fukui, Japan",Japan
377,"Murata Manufacturing Co., Ltd."," 2-82, 1-chome, Miyukicho, Sabae, Fukui, Japan",Japan
378,"Murata Manufacturing Co., Ltd."," 15 Cuijing Road, Shenzhen Grand Industrial Zone, Pingshan New District, Shenzhen, Guangdong, China",China
379,"Murata Manufacturing Co., Ltd."," No. 6 Xingchuang 1st Road, Wuxi Export Processing Zone B Zone, Wuxi, Jiangsu, China",China
380,"Murata Manufacturing Co., Ltd."," Lo A1 Hoa Khanh Inductrial Zone, Lien Chieu District, Da Nang, Vietnam",Vietnam
381,"Murata Manufacturing Co., Ltd."," No. 6, 9A Road, Bien Hoa Industrial Zone No. 2, Dong Nai, Vietnam",Vietnam
382,"Murata Manufacturing Co., Ltd."," Lishan Village, Qianwu Town, Doumen, Zhuhai, Guangdong, China",China
383,"Murata Manufacturing Co., Ltd."," 190 Kashiwagi, Komoro, Nagano, Japan",Japan
384,"Murata Manufacturing Co., Ltd."," JI. Maligi VIII Lot S-4, Kawasan Industri KIIC, Desa Margakaya, Kecamatan Teluk Jambe, Barat Karawang 41361, Kabupaten Bekasi, Jawa Barat, Indonesia",Indonesia
385,"Murata Manufacturing Co., Ltd."," Land Lot No. 55 - Long Jiang Industrial Park, Tan Lap Ward, Phuoc Tan District, Tan Lap Ward, Tien Giang, Vietnam",Vietnam
386,"Murata Manufacturing Co., Ltd."," 1-3 Thang Long Industrial Park, Dong Anh District, Hanoi, Vietnam",Vietnam
387,"Murata Manufacturing Co., Ltd."," No. 27 Changjiang Road, New District, Wuxi, Jiangsu, China",China
388,"Murata Manufacturing Co., Ltd."," 1 Tuas Road, Singapore",Singapore
389,MYS Group," Co., Ltd. MYS Qiaotou district , East industrial Park, Qiaotou, Dongguan, Guangdong, China",China
390,MYS Group," Co., Ltd. 699 NanXiang Road WuJiang Economic Development Zone, Suzhou, Jiangsu, China",China
391,Nan Ya Plastics Corp.," 201, ChangJiang South Road, Kunshan Economic & Technical Development Zone, Kunshan, Jiangsu, China",China
392,Nan Ya Plastics Corp.," No. 338, Sec. 1 Nankan Road, Taoyuan, Taiwan",Taiwan
393,Nan Ya Plastics Corp.," No. 98 Nanlin Road, Taishan District, New Taipei City, Taipei, Taiwan",Taiwan
394,Nichia Corp.," 38-2 Kawamukoichi, Ichiba, Oasa-Cho, Naruto, Tokushima, Japan",Japan
395,Nichia Corp.," 491 Oka, Kaminaka-cho, Anan, Tokushima, Japan",Japan
396,Nichia Corp.," 1-19, Tatsumi-Cho, Anan, Tokushima, Japan",Japan
397,Nidec Corp.," 136 North Science Avenue Extension, Laguna Technopark Special Economic Zone, Binan, Laguna, Philippines",Philippines
398,Nidec Corp.," Street No. 18, Tan Thuan Export Processing Zone, District 7, Ho Chi Minh, Vietnam",Vietnam
399,Nidec Corp.," Lot I-1d-1, Road N1, SHTP, District 9, Ho Chi Minh, Vietnam",Vietnam
400,Nidec Corp.," 12 HuanCheng North Road, Hongye, Industrial District, Tangxia Town, Dongguan, Guangdong, China",China
401,Nishoku Technology Inc.," No. 308 Yangguang Road, Nangang, Zhangpu Town, Kunshan, Jiangsu, China",China
402,"Nissha Co., Ltd."," 1-1 Hinokigaoka, Minakuchi-cho, Koka, Shiga, Japan",Japan
403,"Nissha Co., Ltd."," 50 Kamiyobe, Yobe-ku, Himeji, Hyogo, Japan",Japan
404,"Nissha Co., Ltd."," Ro 49-1 Uwagimachi, Daishoji, Kaga, Ishikawa, Japan",Japan
405,"Nissha Co., Ltd."," 1-2-2 Anotsudai, Tsu city, Mie, Japan",Japan
406,"Nisshin Steel Co., Ltd."," 11-1 Showa-cho, Kure, Hiroshima, Japan",Japan
407,"Nisshin Steel Co., Ltd."," 4976 Nomura Minamimachi, Shunan, yamaguchi, Japan",Japan
408,Nitto Denko Corp.," 474 Hyeongok-Ri, Cheongbuk-Myeon, Pyeongtaek, Gyeonggi-Do, Korea",Korea
409,Nitto Denko Corp.," 1043 Gupo-dong, Gumi, Gyeongsangbuk-do, Korea",Korea
410,Nitto Denko Corp.," No. 468 Suhongzhong Road, Suzhou Industrial Park, Suzhou, Jiangsu, China",China
411,Nitto Denko Corp.," 919 Fuke-cho, Kameyama, Mie, Japan",Japan
412,Nitto Denko Corp.," 455-6 Hongo, Minogo-cho, Onomichi, Hiroshima, Japan",Japan
413,Nitto Denko Corp.," 18 Hirayama Nakahara, Toyohashi, Aichi, Japan",Japan
414,Nitto Denko Corp.," Bangkai Road, Guangming Hi-Tech Park, Shenzhen, Guangdong, China",China
415,NOK Corp.," 1650-11-1 Okuhara-cho, Ushiku, Ibaraki, Japan",Japan
416,NOK Corp.," No. 166-21 Liaozibu, Madou District, Tainan, Taiwan",Taiwan
417,NOK Corp.," 2626-19 Sunayama, Kamisu, Ibaraki, Japan",Japan
418,NOK Corp.," 560 Moo 2 Bangpa-in Industrial Estate, Udomsorayuth Road, T.Klong-Jik, Bang Pa-In, Ayutthaya, Thailand",Thailand
419,NOK Corp.," No. 48 Chung-Heng Street, Hsiao-Kang District, Kaohsiung, Taiwan",Taiwan
420,NOK Corp.," No. 1 Shuang Deng Road Weiting Town, Suzhou Industrial Park, Suzhou, Jiangsu, China",China
421,NOK Corp.," No. 2006 Huang Yang Road, Doumen Town Doumen District, Zhuhai, Guangdong, China",China
422,NOK Corp.," No. 20 Dayou 1st Street, Da-Liao District, Kaohsiung, Taiwan",Taiwan
423,NOK Corp.," 1 Floor, No. 22 Xiang-Ming Road, Xiang-An District, Xiamen, Fujian, China",China
424,NOK Corp.," No. 2 PingGong Zhong Road Nanping Science Technology Industrial District, Zhuhai, Guangdong, China",China
425,NOK Corp.," 189, 198, 296 Moo 16 Bangpa-in Industrial Estate, Udomsorayuth Road, T.Bangkrasan, Bang Pa-In, Ayutthaya, Thailand",Thailand
426,NXP Semiconductors N.V.," 10 Chin 5th Road N.E.P.Z., Kaohsiung, Taiwan",Taiwan
427,ON Semiconductor Corp.," 333 Western Avenue, South Portland, Maine, USA",USA
428,ON Semiconductor Corp.," Crestwood Industrial Park, 125 Crestwood Road, Mountain Top, Pennsylvania, USA",USA
429,ON Semiconductor Corp.," 420-711 82-3, Dodang-Dong, Wonmi-District, Bucheon, Gyeonggi-Do, Korea",Korea
430,ON Semiconductor Corp.," Mactan Export Zone I, Lapulapu, Cebu, Philippines",Philippines
431,ON Semiconductor Corp.," 27A People West Road, Leshan, Sichuan, China",China
432,ON Semiconductor Corp.," Golden Mile Business Park, Special Economic Zone, Governors Drive, Barrio Maduya, Carmona, Cavite, Philippines",Philippines
433,ON Semiconductor Corp.," Bozeny Nemcove 1720, Ro?nov Pod Radho?t?m, Czech Republic",Czech Republic
434,ON Semiconductor Corp.," Gresham Fab, 23400 NE Glisan Street, Gresham, Oregon, USA",USA
435,ON Semiconductor Corp.," 2300 West Buckskin Road, Pocatello, Idaho, USA",USA
436,ON Semiconductor Corp.," Westerring 15, B-9700, Oudenaarde, Belgium",Belgium
437,ON Semiconductor Corp.," 1401 N. Kings Road, Nampa, Idaho, USA",USA
438,ON Semiconductor Corp.," Lot 122 Senawang Industrial Estate, Seremban, Negeri Sembilan, Malaysia",Malaysia
439,ON Semiconductor Corp.," Lot 55 Senawang Industrial Estate, Seremban, Negeri Sembilan, Malaysia",Malaysia
440,ON Semiconductor Corp.," Block A&B, No. 110, Liuxiancun Road, Xili Town, Nanshan District, Shenzhen, Guangdong, China",China
441,ON Semiconductor Corp.," 3000 Chiyakou, Ojiya, Niigata, Japan",Japan
442,ON Semiconductor Corp.," LIP SEPZ San Miguel, Tarlac City, Tarlac State, Philippines",Philippines
443,Pai Shing International Ltd.," 22 Xing Yang Road, Tian Xin, Qiao Tou, Dongguan, Guangdong, China",China
444,Pai Shing International Ltd.," No. 638 Hua Yuan Road, Zhangpu Town, Kunshan, Jiangsu, China",China
445,Panasonic Corp.," No. 3 Bedok South Road, Singapore",Singapore
446,Panasonic Corp.," No. 49 Tokyo Road, Free Trade Zone, Qingdao, Shandong, China",China
447,Panasonic Corp.," 25 Kowata Nishinaka, Uji, Kyoto, Japan",Japan
448,Panasonic Corp.," 401 Sadamasa, Fukui, Japan",Japan
449,Panasonic Corp.," 1037-2 Kamiosatsu, Chitose, Hokkaido, Japan",Japan
450,Panasonic Corp.," 1111-1 Shimokannuki-Kawanabe, Tsuyama, Okayama, Japan",Japan
451,Panasonic Corp.," No. 1 Xinghua 5th Branch, Xi Qing Economic Development Zone, Tianjin, China",China
452,Panasonic Corp.," 271 Higashi Kaihatsu, Tonami, Toyama, Japan",Japan
453,Panasonic Corp.," 4-5-1 Kurihara, Myoko, Niigata, Japan",Japan
454,Panasonic Corp.," 217 Omachi-cho, Omachi, Saga, Japan",Japan
455,Panasonic Corp.," Jalan Raya Jakarta Bogor Km 35, Kel. Sukamaju Baru, Kec. Tapos, Jawa Barat, Indonesia",Indonesia
456,Panasonic Corp.," Kawasan Industri MM2100 Blok. O-1-1 Kecamatan Cikarang Barat, Kabupaten Bekasi, Jawa Barat, Indonesia",Indonesia
457,Panasonic Corp.," Jl.Teuku Umar Km 44 Clkarang Barat, Bekasi, Jawa Barat, Indonesia",Indonesia
458,Panasonic Corp.," No. 86 Sunwu Road, Xukou, Wuzhong District, Suzhou, Jiangsu, China",China
459,Pegatron Corp.," No. 88 Tinghua Road, Tinlin Town, Jinshan District, Shanghai, China",China
460,Pegatron Corp.," No. 3636 Shengang Road, Xinqiao Town, Songjiang Industrial Zone, Shanghai, China",China
461,Pegatron Corp.," No. 1168 Ronghua Road, Songjiang Export/Import Park, Shanghai, China",China
462,Pegatron Corp.," No. 113 Lane171 Lin-sheng Road, Tinglin Town, Jinshan District, Shanghai, China",China
463,Pegatron Corp.," No. 88 Kaedar Road, Kunshan High-tech Industrial Park, Kunshan, Jiangsu, China",China
464,Pegatron Corp.," No. 3668 XiuYan Road, KangQiao Town, PuDong New District, Shanghai, China",China
465,Pegatron Corp.," West of Rose Road and South of Bailing Road, Kunshan Development Area, Kunshan, Jiangsu, China",China
466,Pegatron Corp.," 5F, Sagawa Tokyo Logisitcs Center, 2-2-11 Shinsuna Koto-ku, Tokyo, Japan",Japan
467,Pegatron Corp.," No. 3768 XiuYan Road, Kang Qiao Town, Pu Dong New District, Shanghai, China",China
468,Pegatron Corp.," 2 Changi South Street 2, Singapore",Singapore
469,Pegatron Corp.," 670 Gasan-dong, Geumcheon-gu, Seoul, Korea",Korea
470,Pegatron Corp.," Na Rovince 862, 720 00 Ostrava, Hrabova, Czech Republic",Czech Republic
471,Pegatron Corp.," 3011 Laguna Blvd., Elk Grove, California, USA",USA
472,Pegatron Corp.," Bailing Road Southside, Meigui Road Westside, Kunshan, Jiangsu, China",China
473,Pegatron Corp.," Building 4, No. 168 Daqiao Road, Shanghai, China",China
474,Pegatron Corp.," No. 5 Shing Yeh Street, Kwei Shan Hsiang, Taoyuan, Taiwan",Taiwan
475,Pegatron Corp.," No. 357 Jinfeng Road, New District Suzhou, Suzhou, Jiangsu, China",China
476,Pegatron Corp.," No. 89 Changjiang Road, Jiashan Economic Development Zone, Jiaxing, Zhejiang, China",China
477,"Phone In Mag-Electronics Co., Ltd."," 3rd Industrial Zone, Sijia Village, ShiJie Town, Dongguan, Guangdong, China",China
478,"Phone In Mag-Electronics Co., Ltd."," No. 30-8 Dongwaihuan Road, High-Tech Development Zone, Xinyang, Henan, China",China
479,"Phone In Mag-Electronics Co., Ltd."," No. 899 Mingshu Road, Yinzhou District, Ningbo, Zhejiang, China",China
480,"Pioneer Material Precision Tech Co., Ltd."," No. 1 Jiao Ping Avenue, Ke Yuan Cheng Industrial Park, Tangxia Town, Dongguan, Guangdong, China",China
481,"Pioneer Material Precision Tech Co., Ltd."," No. 999 Avenue of Stars, Phoenix Lake Industrial Park, Yongchuan District, Chongqing, China",China
482,"Pioneer Material Precision Tech Co., Ltd."," No. 45 Nan Hu Road, Wuzhong Economic Development Zone, Suzhou, Jiangsu, China",China
483,"Pioneer Material Precision Tech Co., Ltd."," No. 11 Wuquan 2nd Road, Wugu District, New Taipei City, Taipei, Taiwan",Taiwan
484,Platinum Optics Technology Inc.," No. 37 Keji 2nd Road., Hua Ya Technology Park, Gueishan Township, Taoyuan, Taiwan",Taiwan
485,POSCO," 603 Seonggok-dong, Danwon-gu, Ansan, Gyeonggi-Do, Korea",Korea
486,Prent Corp.," No. 2275 Chengliu Zhonglu, Jiading District, Shanghai, China",China
487,Primax Electronics Ltd.," Er Village, Liu Wu District, Shek Kit Town, Dongguan, Guangdong, China",China
488,Primax Electronics Ltd.," No. 2688 Tong Xin Road, Yu Shan Town, Kunshan, Jiangsu, China",China
489,Qorvo Inc.," 17 Middle Tongji Road, Beijing, China",China
490,Qorvo Inc.," 7628 Thorndike Road, Greensboro, North Carolina, USA",USA
491,Qorvo Inc.," No. 6868 Dongfanghong East Road, DeZhou Economic & Technology Development Area, Dezhou, Shandong, China",China
492,Qorvo Inc.," 2300 N.E. Brookwood Parkway, Hillsboro, Oregon, USA",USA
493,Qorvo Inc.," Zona Franca Metropolitana, Barreal De Heredia, Apartado 144-3006, Haredia, Costa Rica",Costa Rica
494,Qorvo Inc.," 500 W. Renner Road, Richardson, Texas, USA",USA
495,Qorvo Inc.," 1818 S. Orange Blossom Trail, Apopka, Florida, USA",USA
496,Quadrant Solutions," No. 55 Xiacheng Road, Tonglu, Hangzhou, Zhejiang, China",China
497,Qualcomm Inc.," Anzinger Strasse 13, Munich, Germany",Germany
498,Qualcomm Inc.," 166 Kallang Way, Singapore",Singapore
499,Qualcomm Inc.," No. 17 Xi Shi Road, Xin Wu District, Wuxi, Jiangsu, China",China
500,Qualcomm Inc.," Siemensstrasse 43, Deutschlandsberg, Austria",Austria
501,Quanta Computer Inc.," 44350 Nobel Drive, Fremont, California, USA",USA
502,Quanta Computer Inc.," No. 68 Sanzhuang Road, Songjiang Export Processing Zone, Shanghai, China",China
503,Quanta Computer Inc.," No. 8 Jinzhou Road, High-tech Industrial park, Changshu Economic Development Zone, Changshu, Jiangsu, China",China
504,Radiant Opto Electronics Corp.," No. 1621 Jiang Xin East Road, Economic Developing Area, Wujiang, Jiangsu, China",China
505,Radiant Opto Electronics Corp.," No. 35 Hengtong Road, Nanjing Economic & Technology Development Zone, Nanjing, Jiangsu, China",China
506,Radiant Opto Electronics Corp.," No. 11 Xinrui Road, Science City of Guangzhou High-Tech Industrial Development Zone, Guangzhou, Guangdong, China",China
507,Renesas Electronics Corp.," 111 Nishiyokote-machi, Takasaki, Gunma, Japan",Japan
508,Renesas Electronics Corp.," Horiguchi 751, Hitachi-Naka, Ibaraki, Japan",Japan
509,Renesas Electronics Corp.," Lot 54 Kulim, Industrial Estate. Seluang, Kulim, Kedah, Malaysia",Malaysia
510,Renesas Electronics Corp.," Bayan Lepas Free, Industrial Zone, Bayan Lepas, Penang, Malaysia",Malaysia
511,Renesas Electronics Corp.," 176 JinJiHuLu, Suzhou Industrial Park, Suzhou, Jiangsu, China",China
512,Renesas Electronics Corp.," 89 Nagasaki, Shiranui-cho, Uki, Kumamoto, Japan",Japan
513,Robert Bosch GmbH," Tuebinger Strasse 123, Reutlingen, Germany",Germany
514,"Rohm Co., Ltd."," 883 Oaza-Kamikitajima, Chikugo, Fukuoka, Japan",Japan
515,"Rohm Co., Ltd."," 837-1 Aza-Hatakeda, Oaza-Inado, Yukuhashi, Fukuoka, Japan",Japan
516,"Rohm Co., Ltd."," Lot 1320 Kawasan Perindustrian, Pengkalan Chepa II, Padang Tembak, Kota Bharu, Kelantan, Malaysia",Malaysia
517,"Rohm Co., Ltd."," Block 3 and Block 5, Peoples Avenue, Peoples Technology Complex Special Economic Zone, Carmona, Cavite, Philippines",Philippines
518,"Rohm Co., Ltd."," 21 Saiinmizosakicho, Ukyo Ward, Kyoto, Japan",Japan
519,"Rohm Co., Ltd."," 100 Tomioka, Kasaoka, Okayama, Japan",Japan
520,"Rohm Co., Ltd."," 101/94, 102 Navanakorn Industrial Zone, Moo 20, Phaholyothin Road, Tambol Khlong-Nueng, Khlong Luang, Pathum Thani, Thailand",Thailand
521,"Rohm Co., Ltd."," No. 7 Weisan Road, Micro-Electronic Industrial Park, Jingang Highway, Xiqing District, Tianjin, China",China
522,"Rohm Co., Ltd."," 40 Munpyeongseo-ro, 17 Beonan-gil, Daedeok-gu, Daejeon, Korea",Korea
523,"Rohm Co., Ltd."," 727 Kihara, Kiyotake-cho, Miyazaki, Japan",Japan
524,RR Donnelley & Sons Company," 2661 South Pacific Highway, Medford, Oregon, USA",USA
525,RR Donnelley & Sons Company," No. 28 Huang Sha He West Road, Xin Jiu Wei Village, Liaobu Town, Dongguan, Guangdong, China",China
526,RR Donnelley & Sons Company," No. 888 Ganghua Road, North Area of Chengdu Modern Industrial Park, Pixian, Chengdu, Sichuan, China",China
527,RR Donnelley & Sons Company," Business Center Chrastany, Praha Zpad, Czech Republic",Czech Republic
528,RR Donnelley & Sons Company," No. 7699 Songze Avenue, Qingpu Industrial Zone, Shanghai, China",China
529,RR Donnelley & Sons Company," 495-35 Hane, Hagiwara-cho, Gero, Gifu, Japan",Japan
530,RR Donnelley & Sons Company," No. 128 Chensong Road, Kunshan High and New Technology Industrial Development Zone, Kunshan, Jiangsu, China",China
531,SABIC Innovative Plastics," 1 Lexan Lane, Mt. Vernon, Indiana, USA",USA
532,SABIC Innovative Plastics," No. 1 Sulia Road, Nansha, Panyu District, Guangzhou, Guangdong, China",China
533,SABIC Innovative Plastics," No. 56 Aidu Road, Waigaoqiao Free Trade Zone, Shanghai, China",China
534,Salcomp Plc," Salcomp Road No. 69 Furong Industrial Area Xinqiao, Shajing, Baoan District, Shenzhen, Guangdong, China",China
535,Salcomp Plc," Avenida dos Oitis, 4145, Distrito Industrial, Manaus, Brazil",Brazil
536,Salcomp Plc," Avenue Acai Number 875, Distrito Industrial, Manaus, Brazil",Brazil
537,Salcomp Plc," Nokia Telecom SEZ, SIPCOT Industrial Park, Sriperumbudur, Chennai, Tamilnadu, India",India
538,Salcomp Plc," Junction of 6th West Road and 9th West Road, West River Industrial Park, Guigang, Guangxi, China",China
539,"Samsung Electronics Co., Ltd."," Samsung Street 181, Tangjeong-Myeon, Asan, Chungcheongnam-do, Korea",Korea
540,"Samsung Electronics Co., Ltd."," 465 Beonyeong-ro, Seobuk-gu, Cheonan, Chungcheongnam-do, Korea",Korea
541,"Samsung Electronics Co., Ltd."," 318 Fang Zhou Road, Suzhou Industrial park, Suzhou, Jiangsu, China",China
542,"Samsung Electronics Co., Ltd."," 12100 Samsung Blvd. (Cu FAB 3F), Austin, Texas, USA",USA
543,"Samsung Electronics Co., Ltd."," No. 158 Baebang-Ro Baebang-eup, Asan, Chungcheongnam-do, Korea",Korea
544,"Samsung Electronics Co., Ltd."," 1 Samsung-ro, Giheung-gu, Yongin, Gyeonggi-Do, Korea",Korea
545,"Samsung Electronics Co., Ltd."," San #16 Banwol-dong, Hwaseong, Gyeonggi-Do, Korea",Korea
546,"Samsung Electronics Co., Ltd."," No. 337 Felingli Street, Suzhou Industrial Park, Suzhou, Jiangsu, China",China
547,"Samsung Electronics Co., Ltd."," Yen Phong Industrial Zo Yen Trung commune, Yen Phong district, Bac Ninh, Vietnam",Vietnam
548,"Samsung SDI. Co., Ltd."," Hengkeng Management Area Liaobu Town, Dongguan, Guangdong, China",China
549,"Samsung SDI. Co., Ltd."," 333 Noksansaneopjung Road, Kanggeo-gu, Busan, Korea",Korea
550,"Samsung SDI. Co., Ltd."," No. 1 Weisan Road, Micro-Electronics Industrial Park, Xiqing District, Tianjin, China",China
551,"Samsung SDI. Co., Ltd."," 27 Heiniucheng Road, Tianjin, China",China
552,"Samsung SDI. Co., Ltd."," No. 1 Qingling Road, Yat-Sen, Scientific Industrial Park, Wuqing Development Zone, Tianjin, China",China
553,"Samsung SDI. Co., Ltd."," 508 Seongseong-Dong, Seobuk-Gu, Cheon An, Chungcheongbuk-Do, Korea",Korea
554,Seagate Technology LLC," 90 Moo 9, Tampol Sungnoen, Sungnoen, Nakhon Ratchasima, Thailand",Thailand
555,Seiko Advance Ltd.," 1575 Negane, Hasuda, Saitama, Japan",Japan
556,"Sekisui Chemical Co., Ltd."," No. 718 Guangzhong Road, Xinzhuang Industry Park, Minhang, Shanghai, China",China
557,"Seoul Semiconductor Co., Ltd."," 1B-92 Lot, Wonsi-dong, Danwon-gu, Ansan, Gyeonggi-Do, Korea",Korea
558,Shandong Innovation Group," East End of Huixian 4th Road, Gaoxin Subdistrict, ZouPing, Shandong, China",China
559,Shanghai Industrial Holdings Ltd.," No. 88 Jinying Road, Zhao Town, Jintang County, Chengdu, Sichuan, China",China
560,Shanghai Industrial Holdings Ltd.," No. 9 Taidong Road, Zhuhai Economic Park, Jiaonan District, Qingdao, Shandong, China",China
561,Shanghai Industrial Holdings Ltd.," Qiaotou Village, Dalun Town, Jiangyan, Jiangsu, China",China
562,Shanghai Industrial Holdings Ltd.," The Intersection Of Wenming Road and Zhujiang Road, Huaxian New District, Zhengzhou, Henan, China",China
563,Sharp Corp.," 646-7 Shiraki Isshiki, Seki-cho, Kameyama, Mie, Japan",Japan
564,Sharp Corp.," No. 7 VSIP II, Street 7, Vietnam-Singapore Park II, Hoa Phu Ward, Ho Chi Minh, Binh Duong, Vietnam",Vietnam
565,Sharp Corp.," 464 Kohgawa, Shiraki-cho, Kameyama, Mie, Japan",Japan
566,Sharp Corp.," No. 21 Zhujiang Road, Wuxi National High and New Tech Industrial Development Zone, Wuxi, Jiangsu, China",China
567,Sharp Corp.," A2 Facility, B22 -A Land Plot, Wuxi National High and New Tech Industrial Development Zone, Wuxi, Jiangsu, China",China
568,"Shenzhen Desay Battery Technology Co., Ltd."," Huizhou Zhongkai Hightech Industrial Development Zone, Huizhou, Guangdong, China",China
569,"Shenzhen Desay Battery Technology Co., Ltd."," No. 6 Zhongkai Hightech Industrial Development Zone, Huizhou, Guangdong, China",China
570,"Shenzhen Fortunta Technology Co., Ltd."," NiuJiaoLong, TianRun Industrial Park, Zhangkengjing, Guanlan, Baoan District, Shenzhen, Guangdong, China",China
571,"Shenzhen O-Film Tech Co., Ltd."," No. 7 Shenzhou Road, Science Park of GETDD, Guangzhou, Guangdong, China",China
572,"Shenzhen O-Film Tech Co., Ltd."," O-film Industrial Park, Rule lake Avenue, Linkong Economic Development Zone, NanChang, Jiangxi, China",China
573,"Shenzhen Sunway Communication Co., Ltd.","  No. 1013 Xihuan Road, Shajing Town, Baoan District, Shenzhen, Guangdong, China",China
574,"Shenzhen Sunway Communication Co., Ltd.","  No. 14 Jinxiu Street, BDA, Beijing, China",China
575,"Shenzhen YUTO Packaging Technology Co., Ltd."," No. 682 ChongAn Road, Economic Development Zone, Chong Zhou City, Chengdu, Sichuan, China",China
576,"Shenzhen YUTO Packaging Technology Co., Ltd."," No. 1 Shihuan Road, Shuitian Industrial Area, Shilongzai, Shiyan Town, Shenzhen, Guangdong, China",China
577,"Shenzhen YUTO Packaging Technology Co., Ltd."," No. 468 LuChang Road, ShiPu District, QianDeng Town, Kunshan, Jiangsu, China",China
578,"Shenzhen YUTO Packaging Technology Co., Ltd."," Que Vo Industrial Park, Phuong Lieu Ward, Bac Ninh, Vietnam",Vietnam
579,"Shenzhen YUTO Packaging Technology Co., Ltd."," Industry Hatch Area, Zhongduan Industry Cluster District, Weiwu Road, Changge, Henan, China",China
580,"Shenzhen YUTO Packaging Technology Co., Ltd."," No. 190 Gongxiang Road, Qiandeng Town, Kunshan, Jiangsu, China",China
581,"Shenzhen YUTO Packaging Technology Co., Ltd."," No. 125 Lianhe Road, Qiandeng Town, Kunshan, Jiangsu, China",China
582,"Shenzhen YUTO Packaging Technology Co., Ltd."," Plot No. 56 &57 , Bommasandra-Jigani Link Road Industrial Area, Bandenallasandra Village, Jigani Hobli, Anekal Taluk , Bangalore Urban District, Bangalore, Karnataka, India",India
583,"Shin Zu Shing Co., Ltd."," No. 174 Jyunying Street, Shulin District, Taipei, Taiwan",Taiwan
584,"Simplo Technology Co., Ltd."," No. 2 Dongnan Avenue, Changshu, Jiangsu, China",China
585,SK Hynix Inc.," V2-4/02 Plot, Xiyong Comprehensive Bonded Area. B zone, Shapingba, Chongqing, China",China
586,SK Hynix Inc.," 215 Daesin-ro, Heungdeok-gu, Cheongju, Chungcheongbuk-Do, Korea",Korea
587,SK Hynix Inc.," Lot K7, Wuxi Export Processing Zone, Wuxi, Jiangsu, China",China
588,SK Hynix Inc.," 2091 Gyeongchung-daero, Bubal-eub, Icheon, Gyeonggi-Do, Korea",Korea
589,Skyworks Solutions Inc.," 3 Bedok South Road, Singapore",Singapore
590,Skyworks Solutions Inc.," 1006 Kadoma, Kadoma, Osaka, Japan",Japan
591,Skyworks Solutions Inc.," 1-2-150 Hirabayashi-Kita, Osaka, Japan",Japan
592,Skyworks Solutions Inc.," 2427 West Hillcrest Drive, Newbury Park, California, USA",USA
593,Skyworks Solutions Inc.," Calzada Gomez Morin 1690, Col. Rivera CP, Mexicali, Baja California, Mexico",Mexico
594,Skyworks Solutions Inc.," No. 6 Da-Li 1st Road, Tainan Science-Based Industrial Park, Hsin-shi,  Tainan, Taiwan",Taiwan
595,Skyworks Solutions Inc.," 20 Sylvan Road, Woburn, Massachusetts, USA",USA
596,SMK Corp.," 1-1 Yasuuchi, Yatsuo-Machi, Toyama, Japan",Japan
597,SMK Corp.," 1st East Turning, Zhenxing Road, Gaobu Town, Dongguan, Guangdong, China",China
598,SMK Corp.," 1-5 Floor, Section 3 Bldg 1, Honghualing Industrial South area, Xili Town, Nanshan District, Shenzhen, Guangdong, China",China
599,SMK Corp.," 20-9 Ishi, Juo-Cho, Hitachi, Ibaraki, Japan",Japan
600,"Solvay Specialty Polymers USA, LLC"," 17005 State Route 7, Marietta, Ohio, USA",USA
601,"Solvay Specialty Polymers USA, LLC"," Jiangsu High-Tech Fluorochemical Industrial Park, Haiyu Town, Changshu, Jiangsu, China",China
602,"Solvay Specialty Polymers USA, LLC"," Industriepark de Bruwaan 9, 9700, Oudenaarde, Belgium",Belgium
603,Sony Corp.," 1883-43 Tsukubamachi, Isahaya, Nagasaki, Japan",Japan
604,Sony Corp.," 1-11-73 Takarada, Tsuruoka, Yamagata, Japan",Japan
605,Sony Corp.," 5-1 Noguchi Kita, Kokubu, Kirishima-shi, Kagoshima, Japan",Japan
606,STMicroelectronics N.V.," Industry Road, Kirkop, Malta",Malta
607,STMicroelectronics N.V.," Via C. Olivetti 2, Agrate, Brianza, Italy",Italy
608,STMicroelectronics N.V.," 850 rue Jean Monnet, Crolles, France",France
609,STMicroelectronics N.V.," 190 Avenue Celestin Coq Zone Industrielle, Rousset, France",France
610,STMicroelectronics N.V.," 16 Tao Hua Road, Futian Free Trade Zone, Shenzhen, Guangdong, China",China
611,STMicroelectronics N.V.," No. 9 Mountain Drive, Light Industry & Science Park II, La Mesa, Calamba, Laguna, Philippines",Philippines
612,STMicroelectronics N.V.," Industrial center Muar, Tanjong Agas Industrial Area PO Box 28, 84007, Muar, Johor, Malaysia",Malaysia
613,STMicroelectronics N.V.," 629 Lorong 4/6, Toa Payoh, Singapore",Singapore
614,Stora Enso," No. 1299 Fengan Road, Qianan, Hebei, China",China
615,Stora Enso," LvHua North Road, DiYong Village, Gaobu Town, Dongguan, Guangdong, China",China
616,Stora Enso," No. 28 Wuyi Road, Jiashan, Zhejiang, China",China
617,Sumida Corp.," Tai Xin Road, Humen Town, Dongguan, Guangdong, China",China
618,Sumida Corp.," Electronic Information Industrial Pioneer Park, Deshan Economic Development District, changde, Hunan, China",China
619,"Sumitomo Chemical Co., Ltd."," 1-1 Ooe, Niihama, Ehime, Japan",Japan
620,"Sumitomo Chemical Co., Ltd."," 61 Xinmei Road, Bin Hu Qu, Wuxi, Jiangsu, China",China
621,Sumitomo Electric Industries Ltd.," C-6 Thsnh Long Industrial Park, Dong Anh District, Hanoi, Vietnam",Vietnam
622,Sumitomo Electric Industries Ltd.," Light Industry & Science Park, 1 Special Export Processing Zone, Bo. Diezmo., Cabuyao, Laguna, Philippines",Philippines
623,Sumitomo Electric Industries Ltd.," Bldg B, No. 20 Song Tang Road, Tong Fu Yu Industrial Area, Tang Xia Chong, Songgang, Baoan, Shenzhen, Guangdong, China",China
624,Sumitomo Electric Industries Ltd.," 30 Hinokigaoka, Minakuchi-Cho, Kouga-shi, Shiga, Japan",Japan
625,"Sunonwealth Electric Machine Industry Co., Ltd."," 168 Nanbang Road, Kunshan, Jiangsu, China",China
626,Sunrex Technology Corp.," No. 508 Guo Dao Road, Fenhu Economic Development Zone, Luxu Town, Wujiang, Jiangsu, China",China
627,"Sunwoda Electronics Co., Ltd."," No. 2 Yihe Road, Shilong Community, Shiyan Street, Baoan District, Shenzhen, Guangdong, China",China
628,"Suzhou Anjie Technology Co., Ltd."," No. 8 Fujin Road, Guangfu Town, Wuzhong District, Suzhou, Jiangsu, China",China
629,"Suzhou Dongshan Precision Manufacturing Co., Ltd."," No. 88 Tang Dong Road, South Yin Zhong Road, River Eastern Industrial Park, Wuzhong Economic Development Zone, Suzhou, Jiangsu, China",China
630,"Suzhou Dongshan Precision Manufacturing Co., Ltd."," No. 68 Nanhu Road, Dongwu Industrial Park, Wuzhong Economic Development Zone, Suzhou, Jiangsu, China",China
631,"Suzhou Dongshan Precision Manufacturing Co., Ltd."," No. 328 Suwang Road, Wuzhong District, Suzhou, Jiangsu, China",China
632,"Suzhou Dongshan Precision Manufacturing Co., Ltd."," No. 3019 Haizang West Road, Luzhi Town, Wuzhong District, Suzhou, Jiangsu, China",China
633,"Suzhou Zhongjiemai Panel Industry Technology Co., Ltd."," No. 2006 East Taihu Road, Hengjing Street, WuZhong District, Suzhou, Jiangsu, China",China
634,Swiftronic Holding Pte. Ltd.," Yi He Road, No. 2 Shi Yan Street, Baoan, Shenzhen, Guangdong, China",China
635,Swiftronic Holding Pte. Ltd.," D Building, No. 875 Qiuxing Road, NiCheng Industrial Park, LinGang, Puding, Shanghai, China",China
636,"Taishan City Kam Kiu Aluminium Extrusion Co., Ltd."," Shiqiao Industrial zone, Dajiang Town, Taishan, Guangdong, China",China
637,"Taiwan Hodaka Technology Co., Ltd."," No. 2, Huandong Road, Sec. 1, Sinshih District, Tainan, Taiwan",Taiwan
638,"Taiwan Semiconductor Manufacturing Co., Ltd.","  5509 NW Parker Street, Camas, Washington, USA",USA
639,"Taiwan Semiconductor Manufacturing Co., Ltd.","  Fab 12, No. 8, Li-Hsin Road VI, Hsinchu Science Park, Hsinchu, Taiwan",Taiwan
640,"Taiwan Semiconductor Manufacturing Co., Ltd.","  No. 1 Keya 6th Road, Taichung, Taiwan",Taiwan
641,"Taiwan Semiconductor Manufacturing Co., Ltd.","  No. 121 Park Avenue III, Hsinchu Science Park, Hsinchu, Taiwan",Taiwan
642,"Taiwan Semiconductor Manufacturing Co., Ltd.","  No. 1 Nan-Ke North Road, Tainan Science Park, Tainan, Taiwan",Taiwan
643,"Taiwan Semiconductor Manufacturing Co., Ltd.","  101 Longyuan 6th Road, Longtan Dist, Taoyuan, Taiwan",Taiwan
644,"Taiwan Semiconductor Manufacturing Co., Ltd.","  1-1 Nan-Ke North Road, Tainan Science Park, Tainan, Taiwan",Taiwan
645,"Taiwan Semiconductor Manufacturing Co., Ltd.","  168 Park Avenue II, Hsinchu Science Park, Hsinchu, Taiwan",Taiwan
646,"Taiyo Yuden Co., Ltd."," 4026-22 Inanbar, Inami-cho, Hidaka-gun, Wakayama, Japan",Japan
647,"Taiyo Yuden Co., Ltd."," 197-8 Kamiyoshi, Kubiki-ku, Joetsu, Niigata, Japan",Japan
648,"Taiyo Yuden Co., Ltd."," Mactan Economic Zone, Lapulapu, Cebu, Philippines",Philippines
649,"Taiyo Yuden Co., Ltd."," 1988 Nakanojo, Nakanojo-machi, Agatsuma-gun, Gunma, Japan",Japan
650,"Taiyo Yuden Co., Ltd."," 1796-1 Kawai, Tamamura-machi, Sawa-gun, Gunma, Japan",Japan
651,"Taiyo Yuden Co., Ltd."," 116 Bangji-Ri Sanam-Myun, Sachon, Gyeongsangnam-do, Korea",Korea
652,"Taiyo Yuden Co., Ltd."," No. 13 Keji Dong Road, Shi Jie Town, Dongguan, Guangdong, China",China
653,"Taiyo Yuden Co., Ltd."," Lot 977, Block 12, Sama Jaya Free Industrial Zone, Kuching, Sarawak, Malaysia",Malaysia
654,"Taiyo Yuden Co., Ltd."," 1-1 Chikumazawahigashi, Miyoshi-machi, Iruma-gun, Saitama, Japan",Japan
655,"Taiyo Yuden Co., Ltd."," 43-1 Yawatabara-machi, Takasaki, Gunma, Japan",Japan
656,"Taiyo Yuden Co., Ltd."," 6-16-3 Shinmachi, Ome-shi, Tokyo, Japan",Japan
657,TDK Corp.," 1F, 9 Prosperity 1st Road, Hsinchu, Taiwan",Taiwan
658,TDK Corp.," 1 West Industrial Road, North Industrial Park, SongShan Lake, Dongguan, Guangdong, China",China
659,TDK Corp.," No. 1 XingGang Road, ZhangWan Town, Ningde, Fujian, China",China
660,TDK Corp.," 689 Zhen An Road, Conrad Hi-Tech Park, Changan Town, Dongguan, Guangdong, China",China
661,TDK Corp.," 130 Aza Juninomae, Konoura, Nikaho, Akita, Japan",Japan
662,TDK Corp.," 99-19 Aza-Meiji, Oaza-Miyaumi, Sakata, Yamagata, Japan",Japan
663,TDK Corp.," 146-1 Haraikawa, Ohuchi-Sankawa, Yurihonjo, Akita, Japan",Japan
664,TDK Corp.," 97 Aza Aburada, Yamada, Tsuruoka, Yamagata, Japan",Japan
665,TDK Corp.," No. 16 Tonghe Rd, Pingdu City, Qingdao, Shandong, China",China
666,TDK Corp.," No. 68 West Huaihe Road, Dalian Economic & Technical Development Zone, Dalian, Liaoning, China",China
667,TDK Corp.," No. 321-339 Tongi South Road, Jimei District, Xiamen, Fujian, China",China
668,TDK Corp.," 160 Miyazawa, Minami Alps, Yamanashi, Japan",Japan
669,TDK Corp.," 106-163, 2 Goto, Waga-machi, Kitakami, Iwate, Japan",Japan
670,TDK Corp.," 1-6 Manganji, Yurihonjo-city, Yurihonjo, Akita, Japan",Japan
671,TDK Corp.," Lianfeng Lu, Free Trade Zone, Zhuhai, Guangdong, China",China
672,TDK Corp.," 2435 Alpine Road, Eau Claire, Wisconsin, USA",USA
673,Texas Instruments Inc.," 2 Takaku-Kogyodanchi, Aizuwakamatsu, Fukushima, Japan",Japan
674,Texas Instruments Inc.," Haggertystrasse 1, Freising, Bavaria, Germany",Germany
675,Texas Instruments Inc.," 2350 Kihara Miho-mura, Inashiki-gun, , Miho, Ibaraki, Japan",Japan
676,Texas Instruments Inc.," 3601 Alma Road, Richardson, Texas, USA",USA
677,Texas Instruments Inc.," 13353 TI Blvd. Dock 3, Dallas, Texas, USA",USA
678,Texas Instruments Inc.," 13353 TI Blvd. Dock 7, Dallas, Texas, USA",USA
679,Texas Instruments Inc.," Clark Freeport Zone, Gil Puyat Avenue, Angeles, Pampanga, Philippines",Philippines
680,The Chemours Company," Route 130, Salem, New Jersey, USA",USA
681,The Chemours Company," Baanhoekweg 22, Dordrecht, Netherlands",Netherlands
682,The Chemours Company," 1201 Olmstead Lane, Cortland, Ohio, USA",USA
683,The Chemours Company," 7685 Kiln-DeLisle Road, Pass Christian, Massachusetts, USA",USA
684,The Chemours Company," DuPont Road, New Johnsonville, Tennessee, USA",USA
685,ThreeBond Group," 1252-1 Hattori, Osafune-cho, Setouchi, Okayama, Japan",Japan
686,ThreeBond Group," 1-1 Oyama-cho, Midori-ku, Sagamihara, Kanagawa, Japan",Japan
687,TLG Investment (Hk) Ltd.," No. 128 Xue Dian North Road, Wuxi, Jiangsu, China",China
688,TLG Investment (Hk) Ltd.," Plant 1-3 , No. 15 Lijiang Road, Wuxi New District, Wuxi, Jiangsu, China",China
689,TLG Investment (Hk) Ltd.," 10th Jingba Road, Economic Development Zone, Dong Tai, Jiangsu, China",China
690,TLG Investment (Hk) Ltd.," No. 8 (6-10) Changping Road, Huangdai Town, Xiangcheng District, Suzhou, Jiangsu, China",China
691,TLG Investment (Hk) Ltd.," Building A, FengMenAo Technology Park, FengMen Road, BanTian, LongGang District, Shenzhen, Guangdong, China",China
692,TLG Investment (Hk) Ltd.," No. 2 Yuyuan Road No. 1, Yuyuan Indusctrial Park, Huang Jiang, Dongguan, Guangdong, China",China
693,TLG Investment (Hk) Ltd.," No. 529 Siwei Road Economic Development Zone Chongzhou, Chengdu, Sichuan, China",China
694,TLG Investment (Hk) Ltd.," No. 2988 Taidong Road, Huangdai Town, Xiangcheng District, Suzhou, Jiangsu, China",China
695,TLG Investment (Hk) Ltd.," Songgang Songfu Road, Manhole District, Sha Pu Wei Stone Leading East Park, Shenzhen, Guangdong, China",China
696,Toda Kogyo Corp.," Hengdian Industrial Area Dongyang, China, Dongyang, Zhejiang, China",China
697,Toda Kogyo Corp.," 1-4 Meiji-Shingai, Otake, Hiroshima, Japan",Japan
698,Toray International Inc.," 1-1 Sonoyama 1-chome, Otsu, Shiga, Japan",Japan
699,Toray International Inc.," 900-1, Oaza-Yasutsugu, Godo-cho, Anpachi Gun, Gifu, Japan",Japan
700,Toray International Inc.," 4845 Mishima, Mishima, Shizuoka, Japan",Japan
701,Toray International Inc.," No. 19 Chen Jiang Avenue (South), Chen Jiang Street, Huizhou, Guangdong, China",China
702,Toshiba Corp.," 760, Oaza Kutsugawa, Buzen, Fukuoka, Japan",Japan
703,Toshiba Corp.," 1-1 Iwauchi-machi, Nomi, Ishikawa, Japan",Japan
704,Toshiba Corp.," 300 Ikaruga, Taishi-cho, Ibo-Gun, Hyogo, Japan",Japan
705,Toshiba Corp.," 3500 Oaza Matsuoka, Oita, Japan",Japan
706,Toshiba Corp.," 800 Yamonoisshiki-Cho, Yokkaichi, Mie, Japan",Japan
707,"Toyo Rikagaku Kenkyusho Co., Ltd."," 777 Honghu Road, Kunshan Economic & Technical Development Zone, Kunshan, Jiangsu, China",China
708,"Toyo Rikagaku Kenkyusho Co., Ltd."," No. 188 Gao Ding Road., Kunshan Economic & Technical Development Zone, Kunshan, Jiangsu, China",China
709,"Toyo Rikagaku Kenkyusho Co., Ltd."," No. 1448 Honghu Road, KunShan Economic & Technical Development Zone, Kunshan, Jiangsu, China",China
710,"Toyoda Gosei Co., Ltd."," 710 Origuchi, Shimomiyake, Heiwa, Inazawa, Aichi, Japan",Japan
711,"Toyoda Gosei Co., Ltd."," 9966-9 Kawako, Oaza, Wakaki-cho, Takeo, Saga, Japan",Japan
712,"Toyoda Gosei Co., Ltd."," 5-1 Yawata Kaigan-dori, Ichihara, Chiba, Japan",Japan
713,"TPK Holding Co., Ltd."," No. 199 Ban Shang Road, Information & Photoelectricity Park of Xiamen Torch Hi-Tech Industrial Development Zone, Xiamen, Fujian, China",China
714,Trinseo LLC," No. 17 Renjen Road, Hsinchu Ind. Park, Hukou, Hsinchu, Taiwan",Taiwan
715,Triotek Technology Inc.," No. 5 Huanshi North Road, Tangxia Town, Dongguan, Guangdong, China",China
716,Tripod Technology Corp.," No. 68 East 3rd FuRong Road, Development Zone, Xishan District, Wuxi, Jiangsu, China",China
717,Tripod Technology Corp.," No. 21 Kung-yeh 5th Road, Ping-jen Industrial Park, Ping-jen City, Taoyuan, Taiwan",Taiwan
718,"Tsujiden Co., Ltd."," 1313-168 Masuragaharamachi, Omura, Nagasaki, Japan",Japan
719,"Tsujiden Co., Ltd."," 57-23 Azagomajiri, Hattandago, Higashisonogi, Nagasaki, Japan",Japan
720,TTM Technologies Inc.," No. 238, Shanhu Road, Niushan Foreign Economy Industrial Zone, Dongcheng District, Dongguan, Guangdong, China",China
721,TTM Technologies Inc.," No. 1 Xinle Road, Science City, Hi-Tech Industrial Development Zone, Guangzhou, Guangdong, China",China
722,TTM Technologies Inc.," No. 200 Jiang Tian Dong Road East, Song Jiang Industrial Zone, Shanghai, China",China
723,TTM Technologies Inc.," No. 685 Lian Yang Road, SongJiang Industrial Zone, Shanghai, China",China
724,UACJ Corp.," 3-1-12 Chitose Minato-ku, Nagoya, Aichi, Japan",Japan
725,UACJ Corp.," No. 99 Shaojing Road, Kunshan Economical Technology Development Zone, Kunshan, Jiangsu, China",China
726,Unimicron Technology Corp.," No. 177 Shan Ying Road, Kwei Shan Industrial Park, Taoyuan, Taiwan",Taiwan
727,Unimicron Technology Corp.," No. 160 Fengli Street, Suzhou Ind. Park, Suzhou, Jiangsu, China",China
728,Unimicron Technology Corp.," 573-19 Toiso, Eniwa, Hokkaido, Japan",Japan
729,Unimicron Technology Corp.," No. 38 Xingbang Road, Guishan Industrial Park, Taoyuan, Taiwan",Taiwan
730,Unimicron Technology Corp.," No. 21 Lane 470, Sec.2, Nanshan Road, LuChu Township, Taoyuan, Taiwan",Taiwan
731,Unisteel Technology Ltd.," No. 358 Fengmao Road, Malu Town, Jiading District, Shanghai, China",China
732,Unisteel Technology Ltd.," No. 988 Shang Xue Road, Malu Town, Jia Ding District, Shanghai, China",China
733,Unitech Printed Circuit Board Corp.," No. 3 Lane 4, Chung-Shan Road, Tu-Cheng City, Taipei, Taiwan",Taiwan
734,Unitech Printed Circuit Board Corp.," No. 36, Dingping Road, Suao Township, Yilan, Taiwan",Taiwan
735,Vishay Intertechnology Inc.," 46 Renmin 4 Road, Danshui Town, Huizhou, Guangdong, China",China
736,Vishay Intertechnology Inc.," 1122 23rd Street, Columbus, Nebraska, USA",USA
737,Vishay Intertechnology Inc.," Av De La S Torres No. 1950, Ciudad Juarez, Chihuahua, Mexico",Mexico
738,Vishay Intertechnology Inc.," Dr. Felix Zandman Platz 1, Selb, Germany",Germany
739,Vishay Intertechnology Inc.," No. 88, 6th Avenue, Tianjin Economic Zone, Tianjin, China",China
740,Vishay Intertechnology Inc.," 233 Pao Chiao Road Hsintien, Taipei, Taiwan",Taiwan
741,Vishay Intertechnology Inc.," Dimona Industrial Park, Dimona, Israel",Israel
742,Vishay Intertechnology Inc.," Ha-Kotzer 3 ST, Beer Sheva, Israel",Israel
743,Vishay Intertechnology Inc.," 20 Xinxi Avenue, Xian, Shanxi, China",China
744,Vishay Intertechnology Inc.," FTI Estate Bagsaka Road Taguig, Manila, Metro Manila, Philippines",Philippines
745,Vishay Intertechnology Inc.," Fraunhoferstr. 1, Itzehoe, Germany",Germany
746,Vishay Intertechnology Inc.," No. 1710-1 Kawasan Perindustrian Krubong, Melaka, Malaysia",Malaysia
747,Vishay Intertechnology Inc.," No. 58 Chang Xu Road, Jiading (Outside North Gate of Jading), Shanghai, China",China
748,Vishay Intertechnology Inc.," Theresienstrasse 2, Heilbronn, Germany",Germany
749,Volex Plc.," No. 1173 Shenhui Road, Henggang, Shenzhen, Guangdong, China",China
750,Western Digital Corp.," No. 388 East Jiang Chuan Road, Minhang District, Shanghai, China",China
751,Western Digital Corp.," No. 1 Jinxiu Road West, Shenzhen Export Processing Zone, Pingshan District., Shenzhen, Guangdong, China",China
752,Western Digital Corp.," 203, 205 Moo 7, Tumbon Tha Tum, Amphur Srimahaphote, Prachin Buri, Thailand",Thailand
753,Wickeder Group," Hauptstrae 6, Wickede (Ruhr), North Rhine-Westphalia, Germany",Germany
754,Wickeder Group," 39 Perry Avenue, Attleboro, Massachusetts, USA",USA
755,Wistron Corp.," No. 168 First Avenue, Kunshan Export Processing Zone, Kunshan, Jiangsu, China",China
756,Wistron Corp.," Xiyiwei, Maan Cun, Zhongshan Torch Development Zone, Zhongshan, Guangdong, China",China
757,Wistron Corp.," No. 38, Keji East Road, Zhongshan Torch Development Zone, Zhongshan, Guangdong, China",China
758,Wistron Corp.," No. 92 & 93 Industrial Suburb II Stage, Yeshwanthpur, Bangalore, Karnataka, India",India
759,Wistron Corp.," No. 30 A, 2nd Phase, Peenya Industrial Area, ABB Circle, Chokkasandra, Bangalore, Karnataka, India",India
760,Yageo Corp.," No. 10 Zhu Yuan Roa., Suzhou New District, Suzhou, Jiangsu, China",China
761,Yageo Corp.," No. 701 Gaoli Road, Gaoli Industrial Zone, Tangxia Town, Dongguan, Guangdong, China",China
762,Yageo Corp.," No. 291, Zhongzheng Road, Dashe District, Kaohsiung, Taiwan",Taiwan
763,Yageo Corp.," No. 350 Zhongzheng Road, Dashe District, Kaohsiung, Taiwan",Taiwan
764,Ying Shing Enterprises Ltd.," No. 1-2 Production Buildings, Yan Fa Building, No. 88, The 9th Technology Road, High-tech Zone, Zhuhai, Guangdong, China",China
765,Zeniya Aluminum Engineering Ltd.," Block B, No. 2 Industry 5th Road, Jiangbian, Songgang Community, Baoan District, Shenzhen, Guangdong, China",China
766,Zeniya Aluminum Engineering Ltd.," No. 130 Bubugao Road, Wusha Jiangbei Village, Changan Town, Dongguan, Guangdong, China",China
767,Zeniya Aluminum Engineering Ltd.," No. 888 Bubugao Road, Wusha Jiangbei Village, Changan Town, Dongguan, Guangdong, China",China
768,Zeniya Aluminum Engineering Ltd.," No. 307 Bubugao Road, Wusha Jiangbei Village, Changan Town, Dongguan, Guangdong, China",China
769,,,
